date,state,regioncode,regionname,lat,lng,population,Precipitation,WindSpeed,Heatindex,Humidity,Temperature,Pressure
2020-01-01-T18:00:00,DZ,16,Algiers,36.763056,3.050556,2947461,0.00,1.67,5.33,72.30,10.04,100.33
2020-01-02-T18:00:00,DZ,16,Algiers,36.763056,3.050556,2947461,0.00,1.64,4.35,64.03,10.82,100.27
2020-01-03-T18:00:00,DZ,16,Algiers,36.763056,3.050556,2947461,0.00,1.68,4.59,65.13,10.82,100.22
2020-01-04-T18:00:00,DZ,16,Algiers,36.763056,3.050556,2947461,0.03,1.21,6.97,80.91,10.08,100.23
2020-01-05-T18:00:00,DZ,16,Algiers,36.763056,3.050556,2947461,0.00,1.58,5.81,74.25,10.15,100.04
2020-01-06-T18:00:00,DZ,16,Algiers,36.763056,3.050556,2947461,0.01,1.90,6.54,76.85,10.40,99.97
2020-01-07-T18:00:00,DZ,16,Algiers,36.763056,3.050556,2947461,0.27,1.19,7.31,79.78,10.63,100.13
2020-01-08-T18:00:00,DZ,16,Algiers,36.763056,3.050556,2947461,0.63,1.65,7.86,79.88,11.19,99.99
2020-01-09-T18:00:00,DZ,16,Algiers,36.763056,3.050556,2947461,2.46,1.42,7.84,77.24,11.66,99.71
2020-01-10-T18:00:00,DZ,16,Algiers,36.763056,3.050556,2947461,6.99,2.23,8.49,86.41,10.68,99.49
2020-01-11-T18:00:00,DZ,16,Algiers,36.763056,3.050556,2947461,5.28,2.82,8.62,85.98,10.88,99.75
2020-01-12-T18:00:00,DZ,16,Algiers,36.763056,3.050556,2947461,6.81,3.16,7.78,82.37,10.65,99.92
2020-01-13-T18:00:00,DZ,16,Algiers,36.763056,3.050556,2947461,0.41,2.06,6.54,76.31,10.50,99.79
2020-01-14-T18:00:00,DZ,16,Algiers,36.763056,3.050556,2947461,0.00,2.29,3.10,60.62,10.33,99.57
2020-01-15-T18:00:00,DZ,16,Algiers,36.763056,3.050556,2947461,0.00,2.44,4.25,64.62,10.58,99.78
2020-01-16-T18:00:00,DZ,16,Algiers,36.763056,3.050556,2947461,0.00,1.57,4.23,63.33,10.86,99.97
2020-01-17-T18:00:00,DZ,16,Algiers,36.763056,3.050556,2947461,0.00,2.89,6.07,71.81,10.91,100.18
2020-01-18-T18:00:00,DZ,16,Algiers,36.763056,3.050556,2947461,0.00,2.29,7.56,76.15,11.58,100.02
2020-01-19-T18:00:00,DZ,16,Algiers,36.763056,3.050556,2947461,12.28,3.52,8.31,82.97,11.09,98.62
2020-01-20-T18:00:00,DZ,16,Algiers,36.763056,3.050556,2947461,0.37,3.89,7.38,80.90,10.50,98.63
2020-01-21-T18:00:00,DZ,16,Algiers,36.763056,3.050556,2947461,0.05,4.34,5.36,63.78,11.94,98.55
2020-01-22-T18:00:00,DZ,16,Algiers,36.763056,3.050556,2947461,0.21,4.71,4.92,63.39,11.57,98.83
2020-01-23-T18:00:00,DZ,16,Algiers,36.763056,3.050556,2947461,0.00,2.27,5.54,66.25,11.55,99.20
2020-01-24-T18:00:00,DZ,16,Algiers,36.763056,3.050556,2947461,0.01,2.32,6.04,66.11,12.11,99.24
2020-01-25-T18:00:00,DZ,16,Algiers,36.763056,3.050556,2947461,0.01,3.16,6.04,63.90,12.62,99.04
2020-01-26-T18:00:00,DZ,16,Algiers,36.763056,3.050556,2947461,0.76,3.88,9.19,82.50,12.07,99.31
2020-01-27-T18:00:00,DZ,16,Algiers,36.763056,3.050556,2947461,0.03,3.12,7.56,76.27,11.55,99.63
2020-01-28-T18:00:00,DZ,16,Algiers,36.763056,3.050556,2947461,0.00,4.01,8.32,78.25,11.96,99.54
2020-01-29-T18:00:00,DZ,16,Algiers,36.763056,3.050556,2947461,0.00,2.90,9.73,77.95,13.46,99.56
2020-01-30-T18:00:00,DZ,16,Algiers,36.763056,3.050556,2947461,0.00,2.69,8.67,72.33,13.49,99.54
2020-01-31-T18:00:00,DZ,16,Algiers,36.763056,3.050556,2947461,0.00,3.42,9.41,77.83,13.16,99.44
2020-02-01-T18:00:00,DZ,16,Algiers,36.763056,3.050556,2947461,0.00,3.27,10.65,82.46,13.57,99.56
2020-02-02-T18:00:00,DZ,16,Algiers,36.763056,3.050556,2947461,0.01,1.95,11.31,80.59,14.59,100.00
2020-02-03-T18:00:00,DZ,16,Algiers,36.763056,3.050556,2947461,0.00,1.67,9.97,73.03,14.69,100.02
2020-02-04-T18:00:00,DZ,16,Algiers,36.763056,3.050556,2947461,0.00,2.93,10.09,73.81,14.66,99.72
2020-02-05-T18:00:00,DZ,16,Algiers,36.763056,3.050556,2947461,0.03,3.44,6.40,72.47,11.11,99.94
2020-02-06-T18:00:00,DZ,16,Algiers,36.763056,3.050556,2947461,0.00,3.01,5.11,66.07,11.15,99.80
2020-02-07-T18:00:00,DZ,16,Algiers,36.763056,3.050556,2947461,0.00,2.94,7.01,69.27,12.42,99.47
2020-02-08-T18:00:00,DZ,16,Algiers,36.763056,3.050556,2947461,0.04,2.10,9.19,78.76,12.76,99.70
2020-02-09-T18:00:00,DZ,16,Algiers,36.763056,3.050556,2947461,0.15,1.77,9.53,79.84,12.90,100.13
2020-02-10-T18:00:00,DZ,16,Algiers,36.763056,3.050556,2947461,0.00,2.31,7.63,64.46,14.16,100.24
2020-02-11-T18:00:00,DZ,16,Algiers,36.763056,3.050556,2947461,0.00,2.40,6.64,55.68,15.41,99.72
2020-02-12-T18:00:00,DZ,16,Algiers,36.763056,3.050556,2947461,0.00,1.70,7.76,61.23,15.10,99.45
2020-02-13-T18:00:00,DZ,16,Algiers,36.763056,3.050556,2947461,0.04,2.49,10.08,78.63,13.69,99.46
2020-02-14-T18:00:00,DZ,16,Algiers,36.763056,3.050556,2947461,0.00,1.97,11.13,84.98,13.60,99.67
2020-02-15-T18:00:00,DZ,16,Algiers,36.763056,3.050556,2947461,0.00,1.84,10.13,76.86,14.09,99.71
2020-02-16-T18:00:00,DZ,16,Algiers,36.763056,3.050556,2947461,0.00,1.70,9.55,74.05,14.05,99.85
2020-02-17-T18:00:00,DZ,16,Algiers,36.763056,3.050556,2947461,0.00,1.85,9.32,72.87,14.06,99.75
2020-02-18-T18:00:00,DZ,16,Algiers,36.763056,3.050556,2947461,0.01,3.25,10.26,81.52,13.34,99.98
2020-02-19-T18:00:00,DZ,16,Algiers,36.763056,3.050556,2947461,0.00,3.66,8.58,78.26,12.23,100.06
2020-02-20-T18:00:00,DZ,16,Algiers,36.763056,3.050556,2947461,0.00,2.63,7.15,69.86,12.43,99.64
2020-02-21-T18:00:00,DZ,16,Algiers,36.763056,3.050556,2947461,0.00,2.82,8.36,73.42,12.95,99.86
2020-02-22-T18:00:00,DZ,16,Algiers,36.763056,3.050556,2947461,0.00,2.42,7.17,69.48,12.54,100.25
2020-02-23-T18:00:00,DZ,16,Algiers,36.763056,3.050556,2947461,0.00,2.13,5.67,60.08,13.18,100.33
2020-02-24-T18:00:00,DZ,16,Algiers,36.763056,3.050556,2947461,0.00,1.34,4.25,47.79,15.28,99.78
2020-02-25-T18:00:00,DZ,16,Algiers,36.763056,3.050556,2947461,0.00,3.27,7.64,60.69,15.11,99.03
2020-02-26-T18:00:00,DZ,16,Algiers,36.763056,3.050556,2947461,0.01,3.24,9.31,74.72,13.67,99.03
2020-02-27-T18:00:00,DZ,16,Algiers,36.763056,3.050556,2947461,0.00,2.93,9.45,74.54,13.85,99.29
2020-02-28-T18:00:00,DZ,16,Algiers,36.763056,3.050556,2947461,0.01,2.58,8.11,63.60,14.88,99.31
2020-02-29-T18:00:00,DZ,16,Algiers,36.763056,3.050556,2947461,0.00,3.21,6.91,53.97,16.20,98.77
2020-03-01-T18:00:00,DZ,16,Algiers,36.763056,3.050556,2947461,0.03,4.49,10.23,70.07,15.59,98.77
2020-03-02-T18:00:00,DZ,16,Algiers,36.763056,3.050556,2947461,7.42,6.91,10.63,72.72,15.44,98.33
2020-03-03-T18:00:00,DZ,16,Algiers,36.763056,3.050556,2947461,0.23,6.01,7.88,64.49,14.41,98.78
2020-03-04-T18:00:00,DZ,16,Algiers,36.763056,3.050556,2947461,0.90,3.62,12.26,81.48,15.39,99.08
2020-03-05-T18:00:00,DZ,16,Algiers,36.763056,3.050556,2947461,0.10,4.14,10.29,67.60,16.21,98.55
2020-03-06-T18:00:00,DZ,16,Algiers,36.763056,3.050556,2947461,1.16,6.39,8.98,71.28,14.03,98.64
2020-03-07-T18:00:00,DZ,16,Algiers,36.763056,3.050556,2947461,0.76,4.53,5.51,65.89,11.61,99.27
2020-03-08-T18:00:00,DZ,16,Algiers,36.763056,3.050556,2947461,0.00,2.41,5.26,60.67,12.60,99.59
2020-03-09-T18:00:00,DZ,16,Algiers,36.763056,3.050556,2947461,0.08,4.15,7.95,68.76,13.51,99.27
2020-03-10-T18:00:00,DZ,16,Algiers,36.763056,3.050556,2947461,0.60,2.85,6.80,66.68,12.77,99.60
2020-03-11-T18:00:00,DZ,16,Algiers,36.763056,3.050556,2947461,0.00,1.97,6.94,57.65,15.18,99.58
2020-03-12-T18:00:00,DZ,16,Algiers,36.763056,3.050556,2947461,0.00,2.11,9.34,55.60,18.31,99.13
2020-03-13-T18:00:00,DZ,16,Algiers,36.763056,3.050556,2947461,0.05,2.37,11.03,63.95,17.86,98.79
2020-03-14-T18:00:00,DZ,16,Algiers,36.763056,3.050556,2947461,0.56,1.89,12.77,85.99,15.10,99.04
2020-03-15-T18:00:00,DZ,16,Algiers,36.763056,3.050556,2947461,0.06,2.54,11.33,71.13,16.51,98.73
2020-03-16-T18:00:00,DZ,16,Algiers,36.763056,3.050556,2947461,0.35,2.44,10.45,64.55,17.10,98.50
2020-03-17-T18:00:00,DZ,16,Algiers,36.763056,3.050556,2947461,0.23,2.21,11.77,79.39,15.29,99.11
2020-03-18-T18:00:00,DZ,16,Algiers,36.763056,3.050556,2947461,0.15,2.45,11.96,79.04,15.54,99.28
2020-03-19-T18:00:00,DZ,16,Algiers,36.763056,3.050556,2947461,0.02,4.05,11.32,75.25,15.63,98.97
2020-03-20-T18:00:00,DZ,16,Algiers,36.763056,3.050556,2947461,1.31,3.34,11.28,76.61,15.32,98.52
2020-03-21-T18:00:00,DZ,16,Algiers,36.763056,3.050556,2947461,1.37,2.73,11.88,85.85,14.22,98.31
2020-03-22-T18:00:00,DZ,16,Algiers,36.763056,3.050556,2947461,0.09,2.54,8.38,69.27,13.85,98.50
2020-03-23-T18:00:00,DZ,16,Algiers,36.763056,3.050556,2947461,0.60,3.42,10.32,73.76,14.90,98.57
2020-03-24-T18:00:00,DZ,16,Algiers,36.763056,3.050556,2947461,9.29,5.32,11.29,86.37,13.53,98.18
2020-03-25-T18:00:00,DZ,16,Algiers,36.763056,3.050556,2947461,2.73,5.03,5.41,71.48,10.29,98.43
2020-03-26-T18:00:00,DZ,16,Algiers,36.763056,3.050556,2947461,5.21,3.79,6.84,79.27,10.25,98.14
2020-03-27-T18:00:00,DZ,16,Algiers,36.763056,3.050556,2947461,0.07,2.91,6.55,70.65,11.65,98.33
2020-03-28-T18:00:00,DZ,16,Algiers,36.763056,3.050556,2947461,0.33,2.74,7.34,75.24,11.53,98.67
2020-03-29-T18:00:00,DZ,16,Algiers,36.763056,3.050556,2947461,0.69,2.50,8.19,79.33,11.62,98.85
2020-03-30-T18:00:00,DZ,16,Algiers,36.763056,3.050556,2947461,0.01,2.22,7.64,62.92,14.55,98.46
2020-03-31-T18:00:00,DZ,16,Algiers,36.763056,3.050556,2947461,1.87,4.25,9.16,65.05,15.63,98.16
2020-04-01-T18:00:00,DZ,16,Algiers,36.763056,3.050556,2947461,3.55,1.71,10.83,76.16,14.94,98.38
2020-04-02-T18:00:00,DZ,16,Algiers,36.763056,3.050556,2947461,0.82,3.83,9.87,74.89,14.21,98.27
2020-04-03-T18:00:00,DZ,16,Algiers,36.763056,3.050556,2947461,7.22,3.87,10.11,87.50,12.13,98.53
2020-04-04-T18:00:00,DZ,16,Algiers,36.763056,3.050556,2947461,0.06,3.09,7.55,67.02,13.48,99.09
2020-04-05-T18:00:00,DZ,16,Algiers,36.763056,3.050556,2947461,0.01,2.59,8.90,67.20,14.85,99.02
2020-04-06-T18:00:00,DZ,16,Algiers,36.763056,3.050556,2947461,0.00,2.47,9.46,67.07,15.47,99.35
2020-04-07-T18:00:00,DZ,16,Algiers,36.763056,3.050556,2947461,0.01,3.17,9.81,66.40,15.98,99.50
2020-04-08-T18:00:00,DZ,16,Algiers,36.763056,3.050556,2947461,0.00,3.16,10.29,68.38,16.03,99.38
2020-04-09-T18:00:00,DZ,16,Algiers,36.763056,3.050556,2947461,0.13,3.20,11.54,70.93,16.77,99.05
2020-04-10-T18:00:00,DZ,16,Algiers,36.763056,3.050556,2947461,2.79,3.17,12.40,82.79,15.29,99.15
2020-04-11-T18:00:00,DZ,16,Algiers,36.763056,3.050556,2947461,0.01,3.21,10.90,72.29,15.81,99.21
2020-04-12-T18:00:00,DZ,16,Algiers,36.763056,3.050556,2947461,1.52,2.97,12.99,81.33,16.17,98.76
2020-04-13-T18:00:00,DZ,16,Algiers,36.763056,3.050556,2947461,0.06,3.58,11.27,64.79,17.90,97.98
2020-04-14-T18:00:00,DZ,16,Algiers,36.763056,3.050556,2947461,0.06,2.59,13.56,83.21,16.40,98.40
2020-04-15-T18:00:00,DZ,16,Algiers,36.763056,3.050556,2947461,0.01,2.60,12.60,70.70,17.92,98.52
2020-04-16-T18:00:00,DZ,16,Algiers,36.763056,3.050556,2947461,0.07,1.99,13.18,66.69,19.44,98.87
2020-04-17-T18:00:00,DZ,16,Algiers,36.763056,3.050556,2947461,14.66,1.57,15.00,71.60,20.21,98.64
2020-04-18-T18:00:00,DZ,16,Algiers,36.763056,3.050556,2947461,1.11,1.82,14.78,65.78,21.34,98.49
2020-04-19-T18:00:00,DZ,16,Algiers,36.763056,3.050556,2947461,2.66,2.22,15.22,80.84,18.54,97.91
2020-04-20-T18:00:00,DZ,16,Algiers,36.763056,3.050556,2947461,2.15,7.38,12.76,78.02,16.56,97.75
2020-04-21-T18:00:00,DZ,16,Algiers,36.763056,3.050556,2947461,0.39,6.58,10.09,67.03,16.13,98.03
2020-04-22-T18:00:00,DZ,16,Algiers,36.763056,3.050556,2947461,10.69,4.96,12.03,83.44,14.80,98.33
2020-04-23-T18:00:00,DZ,16,Algiers,36.763056,3.050556,2947461,1.40,2.78,12.48,82.81,15.37,98.97
2020-04-24-T18:00:00,DZ,16,Algiers,36.763056,3.050556,2947461,0.04,2.93,11.83,70.15,17.23,98.59
2020-04-25-T18:00:00,DZ,16,Algiers,36.763056,3.050556,2947461,13.87,2.30,13.77,76.86,17.83,98.04
2020-04-26-T18:00:00,DZ,16,Algiers,36.763056,3.050556,2947461,3.30,3.78,13.80,84.22,16.47,98.38
2020-04-27-T18:00:00,DZ,16,Algiers,36.763056,3.050556,2947461,4.47,2.62,12.54,72.88,17.38,98.62
2020-04-28-T18:00:00,DZ,16,Algiers,36.763056,3.050556,2947461,4.37,2.58,12.70,75.54,16.99,98.82
2020-04-29-T18:00:00,DZ,16,Algiers,36.763056,3.050556,2947461,0.04,2.84,11.62,69.89,17.07,99.02
2020-04-30-T18:00:00,DZ,16,Algiers,36.763056,3.050556,2947461,0.00,3.47,11.53,67.61,17.51,99.07
2020-04-01-T18:00:00,DZ,16,Algiers,36.763056,3.050556,2947461,0.00,3.30,12.18,66.13,18.53,99.15
2020-04-02-T18:00:00,DZ,16,Algiers,36.763056,3.050556,2947461,0.00,2.84,12.94,64.18,19.81,99.19
2020-04-03-T18:00:00,DZ,16,Algiers,36.763056,3.050556,2947461,0.00,1.84,11.52,51.06,22.06,99.02
2020-04-04-T18:00:00,DZ,16,Algiers,36.763056,3.050556,2947461,0.00,2.15,12.44,48.22,24.04,98.62
2020-04-05-T18:00:00,DZ,16,Algiers,36.763056,3.050556,2947461,0.00,2.00,13.73,54.21,23.43,98.59
2020-04-06-T18:00:00,DZ,16,Algiers,36.763056,3.050556,2947461,0.10,2.50,14.87,67.36,21.05,98.75
2020-04-07-T18:00:00,DZ,16,Algiers,36.763056,3.050556,2947461,0.00,4.55,14.23,66.66,20.55,98.59
2020-04-08-T18:00:00,DZ,16,Algiers,36.763056,3.050556,2947461,0.07,2.19,14.62,58.76,23.02,98.46
2020-04-09-T18:00:00,DZ,16,Algiers,36.763056,3.050556,2947461,0.59,1.77,16.64,78.16,20.52,98.38
2020-04-10-T18:00:00,DZ,16,Algiers,36.763056,3.050556,2947461,0.37,4.17,13.65,71.33,18.87,98.17
2020-04-11-T18:00:00,DZ,16,Algiers,36.763056,3.050556,2947461,0.03,4.30,11.85,62.88,18.99,98.43
2020-04-12-T18:00:00,DZ,16,Algiers,36.763056,3.050556,2947461,0.00,4.53,11.78,54.06,21.39,97.95
2020-04-13-T18:00:00,DZ,16,Algiers,36.763056,3.050556,2947461,0.00,3.72,11.89,64.10,18.72,98.00
2020-04-14-T18:00:00,DZ,16,Algiers,36.763056,3.050556,2947461,0.37,4.46,11.24,67.55,17.21,98.03
2020-04-15-T18:00:00,DZ,16,Algiers,36.763056,3.050556,2947461,0.07,2.33,10.57,56.32,19.42,98.14
2020-04-16-T18:00:00,DZ,16,Algiers,36.763056,3.050556,2947461,0.26,2.94,14.32,78.61,18.05,98.47
2020-04-17-T18:00:00,DZ,16,Algiers,36.763056,3.050556,2947461,0.74,2.72,14.21,81.66,17.36,99.08
2020-04-18-T18:00:00,DZ,16,Algiers,36.763056,3.050556,2947461,0.20,1.88,12.49,70.22,17.90,99.25
2020-04-19-T18:00:00,DZ,16,Algiers,36.763056,3.050556,2947461,0.01,2.07,12.46,64.15,19.31,99.07
2020-04-20-T18:00:00,DZ,16,Algiers,36.763056,3.050556,2947461,0.00,1.57,10.88,49.90,21.75,98.83
2020-04-21-T18:00:00,DZ,16,Algiers,36.763056,3.050556,2947461,0.00,1.72,11.35,48.88,22.62,99.13
2020-04-22-T18:00:00,DZ,16,Algiers,36.763056,3.050556,2947461,0.00,2.33,11.72,50.00,22.64,99.48
2020-04-23-T18:00:00,DZ,16,Algiers,36.763056,3.050556,2947461,0.00,2.60,12.72,52.54,22.88,99.53
2020-04-24-T18:00:00,DZ,16,Algiers,36.763056,3.050556,2947461,0.00,3.81,14.48,61.69,22.07,99.53
2020-04-25-T18:00:00,DZ,16,Algiers,36.763056,3.050556,2947461,0.02,3.55,14.52,66.48,20.89,99.52
2020-04-26-T18:00:00,DZ,16,Algiers,36.763056,3.050556,2947461,0.00,3.70,14.16,63.29,21.31,99.43
2020-04-27-T18:00:00,DZ,16,Algiers,36.763056,3.050556,2947461,0.02,3.93,15.11,66.91,21.41,99.33
2020-04-28-T18:00:00,DZ,16,Algiers,36.763056,3.050556,2947461,0.23,3.81,14.67,60.99,22.46,99.13
2020-04-29-T18:00:00,DZ,16,Algiers,36.763056,3.050556,2947461,0.53,2.96,14.62,67.77,20.69,98.71
2020-04-30-T18:00:00,DZ,16,Algiers,36.763056,3.050556,2947461,0.01,3.65,14.11,67.93,20.12,98.62
2020-06-01-T18:00:00,DZ,16,Algiers,36.763056,3.050556,2947461,0.49,3.94,13.11,58.52,21.49,98.41
2020-06-02-T18:00:00,DZ,16,Algiers,36.763056,3.050556,2947461,0.38,2.15,16.94,71.93,22.14,98.53
2020-06-03-T18:00:00,DZ,16,Algiers,36.763056,3.050556,2947461,0.00,2.80,14.45,59.25,22.70,98.61
2020-06-04-T18:00:00,DZ,16,Algiers,36.763056,3.050556,2947461,0.04,1.48,14.16,57.30,22.96,98.21
2020-06-05-T18:00:00,DZ,16,Algiers,36.763056,3.050556,2947461,0.50,5.84,13.79,55.01,23.25,97.87
2020-06-06-T18:00:00,DZ,16,Algiers,36.763056,3.050556,2947461,0.06,3.67,14.82,67.19,21.04,98.46
2020-06-07-T18:00:00,DZ,16,Algiers,36.763056,3.050556,2947461,0.00,1.78,13.61,53.63,23.49,98.37
2020-06-08-T18:00:00,DZ,16,Algiers,36.763056,3.050556,2947461,1.63,4.69,15.11,62.25,22.58,98.24
2020-06-09-T18:00:00,DZ,16,Algiers,36.763056,3.050556,2947461,0.37,3.15,15.47,69.84,21.09,98.45
2020-06-10-T18:00:00,DZ,16,Algiers,36.763056,3.050556,2947461,0.06,2.45,13.41,65.72,19.92,98.83
2020-06-11-T18:00:00,DZ,16,Algiers,36.763056,3.050556,2947461,0.00,1.36,11.44,53.71,21.14,98.76
2020-06-12-T18:00:00,DZ,16,Algiers,36.763056,3.050556,2947461,0.00,2.70,12.15,51.20,22.69,98.27
2020-06-13-T18:00:00,DZ,16,Algiers,36.763056,3.050556,2947461,0.12,4.31,13.31,56.74,22.22,98.19
2020-06-14-T18:00:00,DZ,16,Algiers,36.763056,3.050556,2947461,0.02,3.76,13.99,63.55,21.07,98.74
2020-06-15-T18:00:00,DZ,16,Algiers,36.763056,3.050556,2947461,0.00,1.65,10.61,51.74,20.86,99.12
2020-06-16-T18:00:00,DZ,16,Algiers,36.763056,3.050556,2947461,0.00,2.41,12.05,53.04,22.00,99.27
2020-06-17-T18:00:00,DZ,16,Algiers,36.763056,3.050556,2947461,0.00,2.80,12.61,53.45,22.47,98.94
2020-06-18-T18:00:00,DZ,16,Algiers,36.763056,3.050556,2947461,0.00,2.04,13.33,55.12,22.72,98.74
2020-06-19-T18:00:00,DZ,16,Algiers,36.763056,3.050556,2947461,0.00,3.05,15.37,59.70,23.55,98.47
2020-06-20-T18:00:00,DZ,16,Algiers,36.763056,3.050556,2947461,0.01,3.94,16.88,73.40,21.76,98.91
2020-06-21-T18:00:00,DZ,16,Algiers,36.763056,3.050556,2947461,0.00,2.40,14.29,55.66,23.58,99.29
2020-06-22-T18:00:00,DZ,16,Algiers,36.763056,3.050556,2947461,0.00,1.74,14.49,52.71,24.72,99.28
2020-06-23-T18:00:00,DZ,16,Algiers,36.763056,3.050556,2947461,0.00,3.27,14.92,56.66,23.95,99.23
2020-06-24-T18:00:00,DZ,16,Algiers,36.763056,3.050556,2947461,0.00,3.43,15.08,56.22,24.26,98.91
2020-06-25-T18:00:00,DZ,16,Algiers,36.763056,3.050556,2947461,0.01,2.60,16.01,57.03,25.01,98.70
2020-06-26-T18:00:00,DZ,16,Algiers,36.763056,3.050556,2947461,0.12,2.59,16.42,53.90,26.41,98.50
2020-06-27-T18:00:00,DZ,16,Algiers,36.763056,3.050556,2947461,0.97,2.07,18.02,65.72,24.74,98.62
2020-06-28-T18:00:00,DZ,16,Algiers,36.763056,3.050556,2947461,0.13,2.65,16.29,59.55,24.57,98.78
2020-06-29-T18:00:00,DZ,16,Algiers,36.763056,3.050556,2947461,0.02,2.03,16.07,58.22,24.72,98.87
2020-06-30-T18:00:00,DZ,16,Algiers,36.763056,3.050556,2947461,0.03,2.80,16.25,54.37,26.08,98.75
2020-07-01-T18:00:00,DZ,16,Algiers,36.763056,3.050556,2947461,0.01,2.59,14.09,40.12,29.04,98.39
2020-07-02-T18:00:00,DZ,16,Algiers,36.763056,3.050556,2947461,0.06,3.26,16.33,50.08,27.60,98.49
2020-07-03-T18:00:00,DZ,16,Algiers,36.763056,3.050556,2947461,0.01,2.38,14.42,43.88,27.83,98.62
2020-07-04-T18:00:00,DZ,16,Algiers,36.763056,3.050556,2947461,0.11,2.62,17.96,63.13,25.35,98.89
2020-07-05-T18:00:00,DZ,16,Algiers,36.763056,3.050556,2947461,0.03,3.55,16.49,61.09,24.35,99.25
2020-07-06-T18:00:00,DZ,16,Algiers,36.763056,3.050556,2947461,0.00,3.23,13.89,53.20,23.92,99.11
2020-07-07-T18:00:00,DZ,16,Algiers,36.763056,3.050556,2947461,0.00,2.44,15.67,57.56,24.49,98.83
2020-07-08-T18:00:00,DZ,16,Algiers,36.763056,3.050556,2947461,0.00,2.57,15.45,51.39,26.19,98.78
2020-07-09-T18:00:00,DZ,16,Algiers,36.763056,3.050556,2947461,0.00,3.45,15.75,49.83,27.06,98.79
2020-07-10-T18:00:00,DZ,16,Algiers,36.763056,3.050556,2947461,0.00,3.61,14.34,42.40,28.35,98.61
2020-07-11-T18:00:00,DZ,16,Algiers,36.763056,3.050556,2947461,0.40,1.78,17.24,52.55,27.74,98.47
2020-07-12-T18:00:00,DZ,16,Algiers,36.763056,3.050556,2947461,0.32,2.12,19.19,63.04,26.67,98.63
2020-07-13-T18:00:00,DZ,16,Algiers,36.763056,3.050556,2947461,0.22,3.69,18.99,64.07,26.18,98.84
2020-07-14-T18:00:00,DZ,16,Algiers,36.763056,3.050556,2947461,0.03,3.82,18.41,61.88,26.17,98.73
2020-07-15-T18:00:00,DZ,16,Algiers,36.763056,3.050556,2947461,0.85,3.54,18.37,67.49,24.67,98.65
2020-07-16-T18:00:00,DZ,16,Algiers,36.763056,3.050556,2947461,0.24,3.78,17.68,65.85,24.35,98.77
2020-07-17-T18:00:00,DZ,16,Algiers,36.763056,3.050556,2947461,0.00,3.96,17.24,63.46,24.51,98.88
2020-07-18-T18:00:00,DZ,16,Algiers,36.763056,3.050556,2947461,0.00,3.88,17.27,65.30,24.07,98.74
2020-07-19-T18:00:00,DZ,16,Algiers,36.763056,3.050556,2947461,0.00,3.45,16.90,62.35,24.45,98.72
2020-07-20-T18:00:00,DZ,16,Algiers,36.763056,3.050556,2947461,0.00,2.74,15.99,58.10,24.67,98.79
2020-07-21-T18:00:00,DZ,16,Algiers,36.763056,3.050556,2947461,0.00,2.89,15.84,53.60,25.88,98.78
2020-07-22-T18:00:00,DZ,16,Algiers,36.763056,3.050556,2947461,0.00,2.82,16.54,49.19,28.14,98.77
2020-07-23-T18:00:00,DZ,16,Algiers,36.763056,3.050556,2947461,0.00,2.29,16.98,50.14,28.28,98.66
2020-07-24-T18:00:00,DZ,16,Algiers,36.763056,3.050556,2947461,0.39,2.57,19.98,71.82,25.32,98.67
2020-07-25-T18:00:00,DZ,16,Algiers,36.763056,3.050556,2947461,0.48,2.25,18.15,65.92,24.83,98.65
2020-07-26-T18:00:00,DZ,16,Algiers,36.763056,3.050556,2947461,0.00,2.78,17.19,51.65,27.98,98.59
2020-07-27-T18:00:00,DZ,16,Algiers,36.763056,3.050556,2947461,0.00,2.64,16.19,45.28,29.22,98.56
2020-07-28-T18:00:00,DZ,16,Algiers,36.763056,3.050556,2947461,0.00,2.96,17.14,48.45,29.06,98.66
2020-07-29-T18:00:00,DZ,16,Algiers,36.763056,3.050556,2947461,0.02,2.44,15.77,42.00,30.10,98.48
2020-07-30-T18:00:00,DZ,16,Algiers,36.763056,3.050556,2947461,0.05,1.82,17.26,45.72,30.22,98.48
2020-07-31-T18:00:00,DZ,16,Algiers,36.763056,3.050556,2947461,0.03,2.10,17.05,43.37,30.93,98.58
2020-08-01-T18:00:00,DZ,16,Algiers,36.763056,3.050556,2947461,0.04,1.53,17.52,45.54,30.57,98.66
2020-08-02-T18:00:00,DZ,16,Algiers,36.763056,3.050556,2947461,0.05,1.80,18.84,51.30,29.88,98.73
2020-08-03-T18:00:00,DZ,16,Algiers,36.763056,3.050556,2947461,0.06,1.98,19.57,54.09,29.73,98.56
2020-08-04-T18:00:00,DZ,16,Algiers,36.763056,3.050556,2947461,0.63,2.52,20.67,65.55,27.57,98.35
2020-08-05-T18:00:00,DZ,16,Algiers,36.763056,3.050556,2947461,0.46,4.45,18.73,63.71,26.01,98.57
2020-08-06-T18:00:00,DZ,16,Algiers,36.763056,3.050556,2947461,0.00,3.46,16.52,55.66,25.96,98.53
2020-08-07-T18:00:00,DZ,16,Algiers,36.763056,3.050556,2947461,0.00,4.11,16.66,57.46,25.57,98.75
2020-08-08-T18:00:00,DZ,16,Algiers,36.763056,3.050556,2947461,0.00,3.50,16.22,54.44,26.03,98.95
2020-08-09-T18:00:00,DZ,16,Algiers,36.763056,3.050556,2947461,0.00,3.14,15.83,49.78,27.16,99.02
2020-08-10-T18:00:00,DZ,16,Algiers,36.763056,3.050556,2947461,0.00,2.69,15.52,46.46,28.04,98.77
2020-08-11-T18:00:00,DZ,16,Algiers,36.763056,3.050556,2947461,0.00,3.33,15.65,45.52,28.53,98.47
2020-08-12-T18:00:00,DZ,16,Algiers,36.763056,3.050556,2947461,0.00,2.86,16.28,45.50,29.23,98.37
2020-08-13-T18:00:00,DZ,16,Algiers,36.763056,3.050556,2947461,0.07,2.88,18.80,53.20,29.19,98.50
2020-08-14-T18:00:00,DZ,16,Algiers,36.763056,3.050556,2947461,0.18,2.25,20.10,60.51,28.34,98.64
2020-08-15-T18:00:00,DZ,16,Algiers,36.763056,3.050556,2947461,0.16,1.52,20.24,62.45,27.94,98.63
2020-08-16-T18:00:00,DZ,16,Algiers,36.763056,3.050556,2947461,0.25,1.82,20.96,65.49,27.88,98.55
2020-08-17-T18:00:00,DZ,16,Algiers,36.763056,3.050556,2947461,0.02,2.51,18.85,61.22,26.81,98.56
2020-08-18-T18:00:00,DZ,16,Algiers,36.763056,3.050556,2947461,0.00,2.27,15.81,50.67,26.83,98.63
2020-08-19-T18:00:00,DZ,16,Algiers,36.763056,3.050556,2947461,0.00,1.91,16.57,50.84,27.59,98.54
2020-08-20-T18:00:00,DZ,16,Algiers,36.763056,3.050556,2947461,0.00,3.21,18.68,55.76,28.24,98.22
2020-08-21-T18:00:00,DZ,16,Algiers,36.763056,3.050556,2947461,0.06,1.55,20.20,56.31,29.69,98.10
2020-08-22-T18:00:00,DZ,16,Algiers,36.763056,3.050556,2947461,0.14,1.93,21.87,66.09,28.69,98.61
2020-08-23-T18:00:00,DZ,16,Algiers,36.763056,3.050556,2947461,0.13,1.83,21.13,64.65,28.28,98.98
2020-08-24-T18:00:00,DZ,16,Algiers,36.763056,3.050556,2947461,0.25,3.56,21.27,69.11,27.30,98.92
2020-08-25-T18:00:00,DZ,16,Algiers,36.763056,3.050556,2947461,0.03,4.63,19.90,65.36,26.81,98.74
2020-08-26-T18:00:00,DZ,16,Algiers,36.763056,3.050556,2947461,0.00,3.26,18.27,55.78,27.80,98.74
2020-08-27-T18:00:00,DZ,16,Algiers,36.763056,3.050556,2947461,0.00,2.95,17.47,52.11,28.13,98.93
2020-08-28-T18:00:00,DZ,16,Algiers,36.763056,3.050556,2947461,0.00,2.26,17.71,54.43,27.62,98.77
2020-08-29-T18:00:00,DZ,16,Algiers,36.763056,3.050556,2947461,0.01,2.24,17.54,52.74,27.99,98.00
2020-08-30-T18:00:00,DZ,16,Algiers,36.763056,3.050556,2947461,0.42,4.51,18.05,55.09,27.78,97.63
2020-08-31-T18:00:00,DZ,16,Algiers,36.763056,3.050556,2947461,7.24,3.57,19.12,74.84,23.76,98.34
2020-09-01-T18:00:00,DZ,16,Algiers,36.763056,3.050556,2947461,3.19,4.36,17.03,68.37,23.06,98.84
2020-09-02-T18:00:00,DZ,16,Algiers,36.763056,3.050556,2947461,0.00,3.53,14.61,56.12,23.79,98.43
2020-01-01-T18:00:00,DZ,25,Constantine,36.365,6.614722,943111,0.00,1.29,2.07,83.97,4.56,94.97
2020-01-02-T18:00:00,DZ,25,Constantine,36.365,6.614722,943111,0.01,1.27,0.87,70.43,5.79,95.00
2020-01-03-T18:00:00,DZ,25,Constantine,36.365,6.614722,943111,0.00,1.51,0.34,65.03,6.38,94.88
2020-01-04-T18:00:00,DZ,25,Constantine,36.365,6.614722,943111,0.26,1.51,4.46,93.01,5.52,94.81
2020-01-05-T18:00:00,DZ,25,Constantine,36.365,6.614722,943111,0.18,1.41,5.15,87.23,7.14,94.67
2020-01-06-T18:00:00,DZ,25,Constantine,36.365,6.614722,943111,0.20,0.88,4.14,83.11,6.81,94.67
2020-01-07-T18:00:00,DZ,25,Constantine,36.365,6.614722,943111,0.19,1.36,4.99,90.10,6.52,94.71
2020-01-08-T18:00:00,DZ,25,Constantine,36.365,6.614722,943111,4.87,2.17,6.05,92.41,7.23,94.49
2020-01-09-T18:00:00,DZ,25,Constantine,36.365,6.614722,943111,3.74,1.08,4.70,87.52,6.64,94.31
2020-01-10-T18:00:00,DZ,25,Constantine,36.365,6.614722,943111,0.18,1.48,2.07,78.70,5.46,94.16
2020-01-11-T18:00:00,DZ,25,Constantine,36.365,6.614722,943111,3.45,1.74,4.83,91.02,6.21,94.28
2020-01-12-T18:00:00,DZ,25,Constantine,36.365,6.614722,943111,7.28,1.96,5.91,94.47,6.76,94.33
2020-01-13-T18:00:00,DZ,25,Constantine,36.365,6.614722,943111,4.07,1.82,5.27,89.78,6.86,94.36
2020-01-14-T18:00:00,DZ,25,Constantine,36.365,6.614722,943111,0.08,1.60,2.21,74.97,6.29,94.39
2020-01-15-T18:00:00,DZ,25,Constantine,36.365,6.614722,943111,0.00,1.80,0.09,64.57,6.22,94.52
2020-01-16-T18:00:00,DZ,25,Constantine,36.365,6.614722,943111,0.00,0.89,-1.10,58.48,6.43,94.70
2020-01-17-T18:00:00,DZ,25,Constantine,36.365,6.614722,943111,0.00,1.78,0.65,69.98,5.65,94.80
2020-01-18-T18:00:00,DZ,25,Constantine,36.365,6.614722,943111,0.14,1.25,4.04,83.96,6.57,94.74
2020-01-19-T18:00:00,DZ,25,Constantine,36.365,6.614722,943111,0.92,3.38,1.67,69.59,6.79,93.67
2020-01-20-T18:00:00,DZ,25,Constantine,36.365,6.614722,943111,0.79,3.39,2.05,70.67,6.97,93.64
2020-01-21-T18:00:00,DZ,25,Constantine,36.365,6.614722,943111,0.00,6.18,2.04,59.74,9.44,93.77
2020-01-22-T18:00:00,DZ,25,Constantine,36.365,6.614722,943111,0.00,5.50,2.06,58.32,9.81,93.95
2020-01-23-T18:00:00,DZ,25,Constantine,36.365,6.614722,943111,0.00,2.13,3.42,64.17,9.81,93.96
2020-01-24-T18:00:00,DZ,25,Constantine,36.365,6.614722,943111,0.00,1.99,1.10,60.48,8.25,94.12
2020-01-25-T18:00:00,DZ,25,Constantine,36.365,6.614722,943111,0.04,2.31,0.57,65.15,6.60,94.05
2020-01-26-T18:00:00,DZ,25,Constantine,36.365,6.614722,943111,1.38,2.68,4.13,82.04,6.98,94.04
2020-01-27-T18:00:00,DZ,25,Constantine,36.365,6.614722,943111,0.23,1.30,4.76,82.52,7.54,94.33
2020-01-28-T18:00:00,DZ,25,Constantine,36.365,6.614722,943111,0.00,2.23,1.36,64.69,7.54,94.25
2020-01-29-T18:00:00,DZ,25,Constantine,36.365,6.614722,943111,0.00,1.90,5.00,74.25,9.30,94.30
2020-01-30-T18:00:00,DZ,25,Constantine,36.365,6.614722,943111,0.00,1.48,6.34,74.13,10.72,94.33
2020-01-31-T18:00:00,DZ,25,Constantine,36.365,6.614722,943111,0.03,1.42,3.54,67.30,9.23,94.19
2020-02-01-T18:00:00,DZ,25,Constantine,36.365,6.614722,943111,0.03,1.89,6.03,81.49,9.02,94.27
2020-02-02-T18:00:00,DZ,25,Constantine,36.365,6.614722,943111,0.01,1.69,7.72,81.55,10.74,94.72
2020-02-03-T18:00:00,DZ,25,Constantine,36.365,6.614722,943111,0.00,1.47,6.27,67.57,12.02,94.77
2020-02-04-T18:00:00,DZ,25,Constantine,36.365,6.614722,943111,0.04,2.78,5.63,66.41,11.62,94.38
2020-02-05-T18:00:00,DZ,25,Constantine,36.365,6.614722,943111,0.10,4.39,2.60,75.73,6.54,94.35
2020-02-06-T18:00:00,DZ,25,Constantine,36.365,6.614722,943111,0.08,2.10,1.25,67.98,6.70,94.56
2020-02-07-T18:00:00,DZ,25,Constantine,36.365,6.614722,943111,0.00,2.83,-1.49,52.27,7.68,94.40
2020-02-08-T18:00:00,DZ,25,Constantine,36.365,6.614722,943111,0.09,1.34,1.62,56.23,9.90,94.42
2020-02-09-T18:00:00,DZ,25,Constantine,36.365,6.614722,943111,0.00,1.01,3.76,64.74,10.04,94.86
2020-02-10-T18:00:00,DZ,25,Constantine,36.365,6.614722,943111,0.00,2.08,2.34,57.18,10.42,95.02
2020-02-11-T18:00:00,DZ,25,Constantine,36.365,6.614722,943111,0.00,2.02,1.69,50.55,11.62,94.56
2020-02-12-T18:00:00,DZ,25,Constantine,36.365,6.614722,943111,0.00,1.18,3.28,53.17,12.54,94.31
2020-02-13-T18:00:00,DZ,25,Constantine,36.365,6.614722,943111,0.01,1.64,3.82,57.42,11.93,94.19
2020-02-14-T18:00:00,DZ,25,Constantine,36.365,6.614722,943111,0.05,1.58,7.60,82.27,10.49,94.41
2020-02-15-T18:00:00,DZ,25,Constantine,36.365,6.614722,943111,0.00,1.45,6.47,71.10,11.46,94.53
2020-02-16-T18:00:00,DZ,25,Constantine,36.365,6.614722,943111,0.00,1.52,5.88,68.56,11.40,94.64
2020-02-17-T18:00:00,DZ,25,Constantine,36.365,6.614722,943111,0.00,1.52,4.92,61.70,11.99,94.52
2020-02-18-T18:00:00,DZ,25,Constantine,36.365,6.614722,943111,0.04,1.88,7.36,83.70,9.99,94.67
2020-02-19-T18:00:00,DZ,25,Constantine,36.365,6.614722,943111,0.01,1.90,4.90,81.32,7.90,94.71
2020-02-20-T18:00:00,DZ,25,Constantine,36.365,6.614722,943111,0.00,1.27,1.43,60.06,8.71,94.46
2020-02-21-T18:00:00,DZ,25,Constantine,36.365,6.614722,943111,0.00,1.36,2.27,60.90,9.39,94.58
2020-02-22-T18:00:00,DZ,25,Constantine,36.365,6.614722,943111,0.00,1.59,4.45,74.51,8.69,94.95
2020-02-23-T18:00:00,DZ,25,Constantine,36.365,6.614722,943111,0.00,1.50,2.68,61.08,9.78,95.06
2020-02-24-T18:00:00,DZ,25,Constantine,36.365,6.614722,943111,0.00,1.67,0.19,47.14,11.08,94.58
2020-02-25-T18:00:00,DZ,25,Constantine,36.365,6.614722,943111,0.00,2.05,1.63,49.27,11.95,93.83
2020-02-26-T18:00:00,DZ,25,Constantine,36.365,6.614722,943111,0.01,2.72,5.30,70.20,10.44,93.68
2020-02-27-T18:00:00,DZ,25,Constantine,36.365,6.614722,943111,0.02,1.98,3.21,62.23,10.05,94.01
2020-02-28-T18:00:00,DZ,25,Constantine,36.365,6.614722,943111,0.00,1.94,3.70,61.63,10.72,94.15
2020-02-29-T18:00:00,DZ,25,Constantine,36.365,6.614722,943111,0.00,3.58,1.96,44.64,13.87,93.72
2020-03-01-T18:00:00,DZ,25,Constantine,36.365,6.614722,943111,0.00,2.54,4.35,52.67,13.84,93.61
2020-03-02-T18:00:00,DZ,25,Constantine,36.365,6.614722,943111,8.75,4.67,6.88,67.07,12.77,93.16
2020-03-03-T18:00:00,DZ,25,Constantine,36.365,6.614722,943111,2.28,5.17,2.80,61.66,9.76,93.35
2020-03-04-T18:00:00,DZ,25,Constantine,36.365,6.614722,943111,2.33,5.13,4.61,67.92,10.21,93.67
2020-03-05-T18:00:00,DZ,25,Constantine,36.365,6.614722,943111,0.00,2.39,5.86,60.06,13.40,93.40
2020-03-06-T18:00:00,DZ,25,Constantine,36.365,6.614722,943111,2.67,4.00,5.19,66.30,11.18,93.19
2020-03-07-T18:00:00,DZ,25,Constantine,36.365,6.614722,943111,12.78,5.16,3.37,82.57,6.12,93.62
2020-03-08-T18:00:00,DZ,25,Constantine,36.365,6.614722,943111,2.29,3.29,4.02,80.61,7.11,94.19
2020-03-09-T18:00:00,DZ,25,Constantine,36.365,6.614722,943111,4.73,3.45,3.76,71.82,8.51,93.84
2020-03-10-T18:00:00,DZ,25,Constantine,36.365,6.614722,943111,8.55,5.06,4.62,78.62,8.10,94.00
2020-03-11-T18:00:00,DZ,25,Constantine,36.365,6.614722,943111,1.24,2.01,5.61,68.82,11.06,94.37
2020-03-12-T18:00:00,DZ,25,Constantine,36.365,6.614722,943111,0.00,1.34,5.60,53.31,14.99,94.17
2020-03-13-T18:00:00,DZ,25,Constantine,36.365,6.614722,943111,0.01,1.91,6.59,52.44,16.31,93.74
2020-03-14-T18:00:00,DZ,25,Constantine,36.365,6.614722,943111,0.74,1.42,9.37,82.46,12.26,93.80
2020-03-15-T18:00:00,DZ,25,Constantine,36.365,6.614722,943111,1.10,0.88,8.31,66.61,14.37,93.74
2020-03-16-T18:00:00,DZ,25,Constantine,36.365,6.614722,943111,0.40,2.71,7.29,59.45,15.06,93.61
2020-03-17-T18:00:00,DZ,25,Constantine,36.365,6.614722,943111,3.90,2.91,7.87,71.82,12.77,93.98
2020-03-18-T18:00:00,DZ,25,Constantine,36.365,6.614722,943111,0.94,1.57,8.60,75.41,12.80,94.09
2020-03-19-T18:00:00,DZ,25,Constantine,36.365,6.614722,943111,0.21,1.23,8.54,75.68,12.68,93.89
2020-03-20-T18:00:00,DZ,25,Constantine,36.365,6.614722,943111,5.56,1.91,7.33,63.02,14.19,93.37
2020-03-21-T18:00:00,DZ,25,Constantine,36.365,6.614722,943111,20.29,2.72,8.69,89.07,10.43,92.89
2020-03-22-T18:00:00,DZ,25,Constantine,36.365,6.614722,943111,2.90,2.30,8.32,82.36,11.20,93.25
2020-03-23-T18:00:00,DZ,25,Constantine,36.365,6.614722,943111,1.24,1.56,7.84,73.83,12.33,93.53
2020-03-24-T18:00:00,DZ,25,Constantine,36.365,6.614722,943111,11.97,3.46,7.46,77.64,11.19,93.09
2020-03-25-T18:00:00,DZ,25,Constantine,36.365,6.614722,943111,12.50,3.73,0.96,83.77,3.46,92.88
2020-03-26-T18:00:00,DZ,25,Constantine,36.365,6.614722,943111,3.08,2.68,1.06,71.71,5.74,92.87
2020-03-27-T18:00:00,DZ,25,Constantine,36.365,6.614722,943111,0.83,2.53,3.29,78.48,6.75,93.07
2020-03-28-T18:00:00,DZ,25,Constantine,36.365,6.614722,943111,6.28,1.30,5.01,81.27,8.01,93.35
2020-03-29-T18:00:00,DZ,25,Constantine,36.365,6.614722,943111,5.68,2.41,5.47,82.38,8.30,93.41
2020-03-30-T18:00:00,DZ,25,Constantine,36.365,6.614722,943111,0.57,1.43,5.25,70.16,10.40,93.44
2020-03-31-T18:00:00,DZ,25,Constantine,36.365,6.614722,943111,2.98,3.32,5.37,68.84,10.80,93.39
2020-04-01-T18:00:00,DZ,25,Constantine,36.365,6.614722,943111,0.12,2.48,5.82,58.56,13.75,93.23
2020-04-02-T18:00:00,DZ,25,Constantine,36.365,6.614722,943111,2.17,2.01,8.11,76.11,12.15,93.03
2020-04-03-T18:00:00,DZ,25,Constantine,36.365,6.614722,943111,3.33,2.66,6.79,82.98,9.53,93.08
2020-04-04-T18:00:00,DZ,25,Constantine,36.365,6.614722,943111,0.54,2.25,5.01,72.08,9.75,93.82
2020-04-05-T18:00:00,DZ,25,Constantine,36.365,6.614722,943111,0.00,1.48,3.70,61.59,10.73,93.85
2020-04-06-T18:00:00,DZ,25,Constantine,36.365,6.614722,943111,0.02,1.75,5.06,61.25,12.24,94.12
2020-04-07-T18:00:00,DZ,25,Constantine,36.365,6.614722,943111,0.05,1.44,4.93,59.79,12.48,94.32
2020-04-08-T18:00:00,DZ,25,Constantine,36.365,6.614722,943111,0.17,1.78,5.28,60.54,12.65,94.22
2020-04-09-T18:00:00,DZ,25,Constantine,36.365,6.614722,943111,1.12,1.57,6.66,63.76,13.32,94.00
2020-04-10-T18:00:00,DZ,25,Constantine,36.365,6.614722,943111,3.84,0.87,8.52,71.02,13.61,93.91
2020-04-11-T18:00:00,DZ,25,Constantine,36.365,6.614722,943111,0.02,1.77,9.35,77.39,13.18,94.03
2020-04-12-T18:00:00,DZ,25,Constantine,36.365,6.614722,943111,0.12,1.45,10.37,71.56,15.42,93.80
2020-04-13-T18:00:00,DZ,25,Constantine,36.365,6.614722,943111,0.00,2.77,8.64,56.63,17.27,93.07
2020-04-14-T18:00:00,DZ,25,Constantine,36.365,6.614722,943111,0.00,2.28,9.95,68.20,15.72,93.17
2020-04-15-T18:00:00,DZ,25,Constantine,36.365,6.614722,943111,0.00,2.47,9.05,54.12,18.45,93.53
2020-04-16-T18:00:00,DZ,25,Constantine,36.365,6.614722,943111,0.18,1.17,10.53,56.82,19.23,93.90
2020-04-17-T18:00:00,DZ,25,Constantine,36.365,6.614722,943111,3.76,2.33,13.09,60.15,21.02,93.80
2020-04-18-T18:00:00,DZ,25,Constantine,36.365,6.614722,943111,4.82,1.76,13.37,65.94,19.82,93.64
2020-04-19-T18:00:00,DZ,25,Constantine,36.365,6.614722,943111,1.91,2.07,12.92,70.06,18.39,92.95
2020-04-20-T18:00:00,DZ,25,Constantine,36.365,6.614722,943111,6.75,5.16,11.14,81.60,14.22,92.29
2020-04-21-T18:00:00,DZ,25,Constantine,36.365,6.614722,943111,6.97,4.26,7.02,59.85,14.67,92.83
2020-04-22-T18:00:00,DZ,25,Constantine,36.365,6.614722,943111,5.90,2.84,7.35,73.05,11.98,93.11
2020-04-23-T18:00:00,DZ,25,Constantine,36.365,6.614722,943111,0.84,2.09,8.44,70.34,13.67,93.68
2020-04-24-T18:00:00,DZ,25,Constantine,36.365,6.614722,943111,0.10,1.89,8.90,62.53,15.97,93.54
2020-04-25-T18:00:00,DZ,25,Constantine,36.365,6.614722,943111,1.33,2.62,9.70,62.07,16.93,93.09
2020-04-26-T18:00:00,DZ,25,Constantine,36.365,6.614722,943111,3.32,1.46,11.23,74.71,15.65,93.18
2020-04-27-T18:00:00,DZ,25,Constantine,36.365,6.614722,943111,0.55,1.73,10.68,66.33,16.91,93.52
2020-04-28-T18:00:00,DZ,25,Constantine,36.365,6.614722,943111,5.69,1.88,11.00,71.18,16.15,93.66
2020-04-29-T18:00:00,DZ,25,Constantine,36.365,6.614722,943111,2.33,1.80,8.75,63.71,15.53,93.80
2020-04-30-T18:00:00,DZ,25,Constantine,36.365,6.614722,943111,0.00,1.97,6.83,53.93,16.12,93.91
2020-04-01-T18:00:00,DZ,25,Constantine,36.365,6.614722,943111,0.00,2.00,8.57,55.47,17.53,93.98
2020-04-02-T18:00:00,DZ,25,Constantine,36.365,6.614722,943111,0.00,2.12,10.80,60.38,18.54,94.03
2020-04-03-T18:00:00,DZ,25,Constantine,36.365,6.614722,943111,0.00,1.89,9.94,53.31,19.65,94.02
2020-04-04-T18:00:00,DZ,25,Constantine,36.365,6.614722,943111,0.00,1.77,10.71,46.25,22.85,93.85
2020-04-05-T18:00:00,DZ,25,Constantine,36.365,6.614722,943111,0.00,3.37,8.56,34.87,25.26,93.70
2020-04-06-T18:00:00,DZ,25,Constantine,36.365,6.614722,943111,0.00,2.88,8.77,39.21,23.51,93.66
2020-04-07-T18:00:00,DZ,25,Constantine,36.365,6.614722,943111,0.00,2.27,10.52,51.71,20.78,93.72
2020-04-08-T18:00:00,DZ,25,Constantine,36.365,6.614722,943111,0.00,2.37,11.03,48.09,22.54,93.58
2020-04-09-T18:00:00,DZ,25,Constantine,36.365,6.614722,943111,0.02,1.30,12.97,57.78,21.56,93.37
2020-04-10-T18:00:00,DZ,25,Constantine,36.365,6.614722,943111,0.14,2.26,12.45,59.68,20.47,93.01
2020-04-11-T18:00:00,DZ,25,Constantine,36.365,6.614722,943111,0.01,2.00,8.54,51.74,18.63,93.34
2020-04-12-T18:00:00,DZ,25,Constantine,36.365,6.614722,943111,0.00,3.58,7.72,38.71,22.56,93.15
2020-04-13-T18:00:00,DZ,25,Constantine,36.365,6.614722,943111,0.00,1.19,9.08,43.94,21.94,92.90
2020-04-14-T18:00:00,DZ,25,Constantine,36.365,6.614722,943111,0.00,3.98,7.27,40.38,21.36,92.85
2020-04-15-T18:00:00,DZ,25,Constantine,36.365,6.614722,943111,0.01,2.13,10.67,57.12,19.29,93.27
2020-04-16-T18:00:00,DZ,25,Constantine,36.365,6.614722,943111,0.24,2.82,9.83,49.11,20.89,93.12
2020-04-17-T18:00:00,DZ,25,Constantine,36.365,6.614722,943111,6.37,3.27,12.17,75.76,16.40,93.74
2020-04-18-T18:00:00,DZ,25,Constantine,36.365,6.614722,943111,4.96,2.84,10.27,76.03,14.39,93.90
2020-04-19-T18:00:00,DZ,25,Constantine,36.365,6.614722,943111,0.30,2.92,8.72,64.30,15.34,93.83
2020-04-20-T18:00:00,DZ,25,Constantine,36.365,6.614722,943111,0.01,2.72,8.63,53.50,18.19,93.71
2020-04-21-T18:00:00,DZ,25,Constantine,36.365,6.614722,943111,0.00,2.71,8.21,50.71,18.61,94.03
2020-04-22-T18:00:00,DZ,25,Constantine,36.365,6.614722,943111,0.00,2.11,8.57,47.85,19.96,94.41
2020-04-23-T18:00:00,DZ,25,Constantine,36.365,6.614722,943111,0.00,1.56,6.86,40.26,20.94,94.52
2020-04-24-T18:00:00,DZ,25,Constantine,36.365,6.614722,943111,0.00,2.15,8.58,44.30,21.25,94.45
2020-04-25-T18:00:00,DZ,25,Constantine,36.365,6.614722,943111,0.00,1.65,10.43,53.22,20.20,94.39
2020-04-26-T18:00:00,DZ,25,Constantine,36.365,6.614722,943111,0.00,1.86,10.01,51.58,20.27,94.32
2020-04-27-T18:00:00,DZ,25,Constantine,36.365,6.614722,943111,0.71,2.41,10.11,52.21,20.17,94.30
2020-04-28-T18:00:00,DZ,25,Constantine,36.365,6.614722,943111,0.48,1.62,9.41,51.21,19.74,94.22
2020-04-29-T18:00:00,DZ,25,Constantine,36.365,6.614722,943111,1.69,1.94,12.70,61.38,20.27,93.61
2020-04-30-T18:00:00,DZ,25,Constantine,36.365,6.614722,943111,0.19,2.17,10.98,58.79,19.16,93.48
2020-06-01-T18:00:00,DZ,25,Constantine,36.365,6.614722,943111,5.00,1.76,8.31,47.24,19.88,93.54
2020-06-02-T18:00:00,DZ,25,Constantine,36.365,6.614722,943111,0.89,1.83,13.23,58.76,21.55,93.48
2020-06-03-T18:00:00,DZ,25,Constantine,36.365,6.614722,943111,0.01,1.98,10.44,49.22,21.52,93.60
2020-06-04-T18:00:00,DZ,25,Constantine,36.365,6.614722,943111,0.04,1.61,10.34,43.95,23.31,93.19
2020-06-05-T18:00:00,DZ,25,Constantine,36.365,6.614722,943111,1.10,3.58,10.02,40.97,24.15,92.83
2020-06-06-T18:00:00,DZ,25,Constantine,36.365,6.614722,943111,0.08,3.72,10.34,58.52,18.55,93.27
2020-06-07-T18:00:00,DZ,25,Constantine,36.365,6.614722,943111,0.21,1.85,9.29,44.28,22.04,93.43
2020-06-08-T18:00:00,DZ,25,Constantine,36.365,6.614722,943111,3.29,2.74,12.03,52.41,22.18,93.17
2020-06-09-T18:00:00,DZ,25,Constantine,36.365,6.614722,943111,2.83,2.26,12.54,62.48,19.81,93.33
2020-06-10-T18:00:00,DZ,25,Constantine,36.365,6.614722,943111,0.56,2.48,11.21,65.43,17.69,93.64
2020-06-11-T18:00:00,DZ,25,Constantine,36.365,6.614722,943111,0.02,2.07,8.30,51.65,18.40,93.65
2020-06-12-T18:00:00,DZ,25,Constantine,36.365,6.614722,943111,0.00,2.52,7.93,40.53,22.02,93.26
2020-06-13-T18:00:00,DZ,25,Constantine,36.365,6.614722,943111,1.68,2.87,12.52,49.07,23.83,93.15
2020-06-14-T18:00:00,DZ,25,Constantine,36.365,6.614722,943111,0.58,2.85,12.10,59.44,20.17,93.56
2020-06-15-T18:00:00,DZ,25,Constantine,36.365,6.614722,943111,0.05,2.23,10.01,55.48,19.07,93.92
2020-06-16-T18:00:00,DZ,25,Constantine,36.365,6.614722,943111,0.00,1.71,7.33,43.57,20.15,94.13
2020-06-17-T18:00:00,DZ,25,Constantine,36.365,6.614722,943111,0.00,1.94,7.37,38.92,22.07,93.83
2020-06-18-T18:00:00,DZ,25,Constantine,36.365,6.614722,943111,0.00,1.70,10.09,44.28,22.91,93.64
2020-06-19-T18:00:00,DZ,25,Constantine,36.365,6.614722,943111,0.00,1.52,11.46,43.77,24.62,93.49
2020-06-20-T18:00:00,DZ,25,Constantine,36.365,6.614722,943111,0.03,3.14,11.98,51.12,22.55,93.58
2020-06-21-T18:00:00,DZ,25,Constantine,36.365,6.614722,943111,0.03,2.30,10.93,51.99,21.13,94.21
2020-06-22-T18:00:00,DZ,25,Constantine,36.365,6.614722,943111,0.00,2.82,10.09,44.79,22.72,94.16
2020-06-23-T18:00:00,DZ,25,Constantine,36.365,6.614722,943111,0.02,3.36,11.19,54.87,20.51,94.09
2020-06-24-T18:00:00,DZ,25,Constantine,36.365,6.614722,943111,0.05,1.66,10.72,46.53,22.77,93.93
2020-06-25-T18:00:00,DZ,25,Constantine,36.365,6.614722,943111,0.00,2.07,10.17,36.63,26.24,93.78
2020-06-26-T18:00:00,DZ,25,Constantine,36.365,6.614722,943111,0.11,2.41,10.02,31.32,28.75,93.64
2020-06-27-T18:00:00,DZ,25,Constantine,36.365,6.614722,943111,3.77,2.72,13.86,40.95,28.43,93.56
2020-06-28-T18:00:00,DZ,25,Constantine,36.365,6.614722,943111,1.32,2.09,15.52,52.63,25.86,93.69
2020-06-29-T18:00:00,DZ,25,Constantine,36.365,6.614722,943111,0.64,1.92,15.36,52.27,25.80,93.80
2020-06-30-T18:00:00,DZ,25,Constantine,36.365,6.614722,943111,0.03,1.98,13.25,45.21,26.02,93.79
2020-07-01-T18:00:00,DZ,25,Constantine,36.365,6.614722,943111,0.00,1.80,10.86,34.68,27.96,93.63
2020-07-02-T18:00:00,DZ,25,Constantine,36.365,6.614722,943111,0.00,2.76,12.61,34.52,30.02,93.54
2020-07-03-T18:00:00,DZ,25,Constantine,36.365,6.614722,943111,0.00,2.14,9.60,29.14,29.50,93.64
2020-07-04-T18:00:00,DZ,25,Constantine,36.365,6.614722,943111,0.01,2.92,11.65,39.69,26.52,93.78
2020-07-05-T18:00:00,DZ,25,Constantine,36.365,6.614722,943111,0.07,3.09,12.60,55.79,21.74,94.13
2020-07-06-T18:00:00,DZ,25,Constantine,36.365,6.614722,943111,0.00,2.35,11.28,52.67,21.28,94.00
2020-07-07-T18:00:00,DZ,25,Constantine,36.365,6.614722,943111,0.00,2.90,12.41,54.02,22.08,93.68
2020-07-08-T18:00:00,DZ,25,Constantine,36.365,6.614722,943111,0.00,2.78,13.34,52.74,23.48,93.75
2020-07-09-T18:00:00,DZ,25,Constantine,36.365,6.614722,943111,0.00,2.50,10.77,42.46,24.38,93.82
2020-07-10-T18:00:00,DZ,25,Constantine,36.365,6.614722,943111,0.00,2.21,7.91,31.87,26.03,93.80
2020-07-11-T18:00:00,DZ,25,Constantine,36.365,6.614722,943111,0.00,2.45,8.16,28.57,28.17,93.61
2020-07-12-T18:00:00,DZ,25,Constantine,36.365,6.614722,943111,0.03,2.30,11.24,31.66,29.96,93.64
2020-07-13-T18:00:00,DZ,25,Constantine,36.365,6.614722,943111,0.16,2.38,14.54,44.47,27.73,93.85
2020-07-14-T18:00:00,DZ,25,Constantine,36.365,6.614722,943111,2.40,2.16,13.75,42.67,27.59,93.73
2020-07-15-T18:00:00,DZ,25,Constantine,36.365,6.614722,943111,3.30,1.87,14.22,50.95,25.01,93.60
2020-07-16-T18:00:00,DZ,25,Constantine,36.365,6.614722,943111,0.63,2.04,15.03,55.82,24.32,93.69
2020-07-17-T18:00:00,DZ,25,Constantine,36.365,6.614722,943111,0.06,2.39,13.72,52.08,24.10,93.82
2020-07-18-T18:00:00,DZ,25,Constantine,36.365,6.614722,943111,0.01,2.47,13.51,55.09,22.93,93.68
2020-07-19-T18:00:00,DZ,25,Constantine,36.365,6.614722,943111,0.09,2.31,13.41,55.09,22.81,93.67
2020-07-20-T18:00:00,DZ,25,Constantine,36.365,6.614722,943111,0.00,2.03,12.96,51.51,23.47,93.75
2020-07-21-T18:00:00,DZ,25,Constantine,36.365,6.614722,943111,0.02,2.21,11.91,40.51,26.45,93.84
2020-07-22-T18:00:00,DZ,25,Constantine,36.365,6.614722,943111,0.00,2.38,10.70,34.07,28.08,93.93
2020-07-23-T18:00:00,DZ,25,Constantine,36.365,6.614722,943111,0.00,1.90,8.43,28.07,28.79,93.82
2020-07-24-T18:00:00,DZ,25,Constantine,36.365,6.614722,943111,0.14,2.64,11.50,34.69,28.67,93.58
2020-07-25-T18:00:00,DZ,25,Constantine,36.365,6.614722,943111,0.69,2.11,15.37,47.20,27.59,93.56
2020-07-26-T18:00:00,DZ,25,Constantine,36.365,6.614722,943111,0.00,1.72,13.37,40.24,28.18,93.70
2020-07-27-T18:00:00,DZ,25,Constantine,36.365,6.614722,943111,0.00,2.40,10.09,28.70,30.34,93.73
2020-07-28-T18:00:00,DZ,25,Constantine,36.365,6.614722,943111,0.00,1.98,9.99,26.75,31.43,93.79
2020-07-29-T18:00:00,DZ,25,Constantine,36.365,6.614722,943111,0.00,2.32,8.68,25.54,30.69,93.66
2020-07-30-T18:00:00,DZ,25,Constantine,36.365,6.614722,943111,0.00,2.36,7.77,23.79,30.84,93.67
2020-07-31-T18:00:00,DZ,25,Constantine,36.365,6.614722,943111,0.00,1.77,7.70,23.67,30.84,93.74
2020-08-01-T18:00:00,DZ,25,Constantine,36.365,6.614722,943111,0.00,2.23,9.85,27.01,31.11,93.76
2020-08-02-T18:00:00,DZ,25,Constantine,36.365,6.614722,943111,0.00,2.44,10.44,29.01,30.55,93.75
2020-08-03-T18:00:00,DZ,25,Constantine,36.365,6.614722,943111,0.00,2.08,10.15,27.79,30.96,93.62
2020-08-04-T18:00:00,DZ,25,Constantine,36.365,6.614722,943111,1.29,2.62,13.89,37.75,29.90,93.33
2020-08-05-T18:00:00,DZ,25,Constantine,36.365,6.614722,943111,2.68,3.30,16.13,59.39,24.45,93.49
2020-08-06-T18:00:00,DZ,25,Constantine,36.365,6.614722,943111,0.00,2.33,11.75,48.50,23.19,93.55
2020-08-07-T18:00:00,DZ,25,Constantine,36.365,6.614722,943111,0.04,2.09,12.24,50.26,23.11,93.73
2020-08-08-T18:00:00,DZ,25,Constantine,36.365,6.614722,943111,0.00,2.16,10.51,42.82,23.95,93.91
2020-08-09-T18:00:00,DZ,25,Constantine,36.365,6.614722,943111,0.00,2.21,12.32,47.09,24.30,93.99
2020-08-10-T18:00:00,DZ,25,Constantine,36.365,6.614722,943111,0.00,2.36,11.99,44.37,24.96,93.79
2020-08-11-T18:00:00,DZ,25,Constantine,36.365,6.614722,943111,0.00,1.86,9.83,35.94,26.17,93.60
2020-08-12-T18:00:00,DZ,25,Constantine,36.365,6.614722,943111,0.00,2.27,11.42,35.93,27.98,93.61
2020-08-13-T18:00:00,DZ,25,Constantine,36.365,6.614722,943111,0.00,2.58,11.60,31.26,30.59,93.66
2020-08-14-T18:00:00,DZ,25,Constantine,36.365,6.614722,943111,0.01,2.59,12.33,29.71,32.32,93.77
2020-08-15-T18:00:00,DZ,25,Constantine,36.365,6.614722,943111,0.78,3.56,12.77,32.89,31.04,93.74
2020-08-16-T18:00:00,DZ,25,Constantine,36.365,6.614722,943111,0.29,2.64,11.39,31.23,30.38,93.62
2020-08-17-T18:00:00,DZ,25,Constantine,36.365,6.614722,943111,5.50,3.47,10.70,32.82,28.72,93.59
2020-08-18-T18:00:00,DZ,25,Constantine,36.365,6.614722,943111,0.01,2.15,13.56,40.13,28.45,93.60
2020-08-19-T18:00:00,DZ,25,Constantine,36.365,6.614722,943111,0.00,1.97,13.26,37.93,29.11,93.53
2020-08-20-T18:00:00,DZ,25,Constantine,36.365,6.614722,943111,0.00,1.51,12.79,36.88,29.06,93.34
2020-08-21-T18:00:00,DZ,25,Constantine,36.365,6.614722,943111,0.00,3.17,7.36,20.42,33.00,93.28
2020-08-22-T18:00:00,DZ,25,Constantine,36.365,6.614722,943111,0.00,2.32,10.61,25.50,32.99,93.66
2020-08-23-T18:00:00,DZ,25,Constantine,36.365,6.614722,943111,0.06,2.22,16.01,41.19,30.71,93.96
2020-08-24-T18:00:00,DZ,25,Constantine,36.365,6.614722,943111,0.27,2.54,16.91,54.93,26.61,93.92
2020-08-25-T18:00:00,DZ,25,Constantine,36.365,6.614722,943111,0.16,2.41,15.26,54.10,25.10,93.76
2020-08-26-T18:00:00,DZ,25,Constantine,36.365,6.614722,943111,0.00,2.05,12.01,41.83,26.01,93.83
2020-08-27-T18:00:00,DZ,25,Constantine,36.365,6.614722,943111,0.00,2.10,9.02,33.59,26.41,93.99
2020-08-28-T18:00:00,DZ,25,Constantine,36.365,6.614722,943111,0.00,1.96,6.32,26.89,27.05,93.81
2020-08-29-T18:00:00,DZ,25,Constantine,36.365,6.614722,943111,0.00,2.48,9.04,29.77,28.49,93.15
2020-08-30-T18:00:00,DZ,25,Constantine,36.365,6.614722,943111,0.00,4.50,6.88,24.24,29.46,92.79
2020-08-31-T18:00:00,DZ,25,Constantine,36.365,6.614722,943111,0.52,2.80,12.50,43.12,26.02,93.24
2020-09-01-T18:00:00,DZ,25,Constantine,36.365,6.614722,943111,2.56,2.91,13.62,61.08,21.32,93.62
2020-09-02-T18:00:00,DZ,25,Constantine,36.365,6.614722,943111,0.07,1.32,10.85,47.60,22.52,93.45
2020-01-01-T18:00:00,DZ,44,ain\u005FDefla,36.2688,2.2163,771890,0.00,1.20,2.24,68.01,7.72,97.01
2020-01-02-T18:00:00,DZ,44,ain\u005FDefla,36.2688,2.2163,771890,0.00,1.26,0.08,54.60,8.71,96.97
2020-01-03-T18:00:00,DZ,44,ain\u005FDefla,36.2688,2.2163,771890,0.00,1.23,0.29,54.01,9.10,96.94
2020-01-04-T18:00:00,DZ,44,ain\u005FDefla,36.2688,2.2163,771890,0.00,1.02,3.88,74.91,8.02,96.91
2020-01-05-T18:00:00,DZ,44,ain\u005FDefla,36.2688,2.2163,771890,0.00,1.30,3.46,74.24,7.71,96.72
2020-01-06-T18:00:00,DZ,44,ain\u005FDefla,36.2688,2.2163,771890,0.00,1.39,2.45,70.39,7.45,96.66
2020-01-07-T18:00:00,DZ,44,ain\u005FDefla,36.2688,2.2163,771890,0.04,0.95,3.41,73.87,7.74,96.83
2020-01-08-T18:00:00,DZ,44,ain\u005FDefla,36.2688,2.2163,771890,0.11,0.99,4.32,78.10,7.88,96.70
2020-01-09-T18:00:00,DZ,44,ain\u005FDefla,36.2688,2.2163,771890,0.71,0.67,5.61,81.31,8.62,96.47
2020-01-10-T18:00:00,DZ,44,ain\u005FDefla,36.2688,2.2163,771890,6.46,1.37,5.40,84.14,7.92,96.23
2020-01-11-T18:00:00,DZ,44,ain\u005FDefla,36.2688,2.2163,771890,2.88,1.58,6.50,91.33,7.85,96.48
2020-01-12-T18:00:00,DZ,44,ain\u005FDefla,36.2688,2.2163,771890,0.92,1.69,5.03,81.77,7.95,96.69
2020-01-13-T18:00:00,DZ,44,ain\u005FDefla,36.2688,2.2163,771890,0.10,1.23,3.22,72.59,7.80,96.51
2020-01-14-T18:00:00,DZ,44,ain\u005FDefla,36.2688,2.2163,771890,0.00,1.56,-2.30,50.00,7.48,96.31
2020-01-15-T18:00:00,DZ,44,ain\u005FDefla,36.2688,2.2163,771890,0.00,1.58,0.55,58.61,8.14,96.52
2020-01-16-T18:00:00,DZ,44,ain\u005FDefla,36.2688,2.2163,771890,0.00,1.20,1.11,56.88,9.19,96.68
2020-01-17-T18:00:00,DZ,44,ain\u005FDefla,36.2688,2.2163,771890,0.00,1.94,2.13,65.06,8.26,96.94
2020-01-18-T18:00:00,DZ,44,ain\u005FDefla,36.2688,2.2163,771890,0.01,1.52,4.23,71.08,9.15,96.78
2020-01-19-T18:00:00,DZ,44,ain\u005FDefla,36.2688,2.2163,771890,13.14,2.48,6.44,86.78,8.53,95.40
2020-01-20-T18:00:00,DZ,44,ain\u005FDefla,36.2688,2.2163,771890,2.22,2.59,4.69,83.31,7.33,95.26
2020-01-21-T18:00:00,DZ,44,ain\u005FDefla,36.2688,2.2163,771890,0.07,2.50,1.68,61.70,8.57,95.22
2020-01-22-T18:00:00,DZ,44,ain\u005FDefla,36.2688,2.2163,771890,2.28,1.68,3.50,66.88,9.28,95.53
2020-01-23-T18:00:00,DZ,44,ain\u005FDefla,36.2688,2.2163,771890,0.00,1.42,2.55,63.67,9.01,95.92
2020-01-24-T18:00:00,DZ,44,ain\u005FDefla,36.2688,2.2163,771890,0.00,1.74,1.88,58.03,9.70,95.99
2020-01-25-T18:00:00,DZ,44,ain\u005FDefla,36.2688,2.2163,771890,0.05,2.19,3.19,61.68,10.16,95.83
2020-01-26-T18:00:00,DZ,44,ain\u005FDefla,36.2688,2.2163,771890,1.58,2.39,6.90,86.31,9.08,96.13
2020-01-27-T18:00:00,DZ,44,ain\u005FDefla,36.2688,2.2163,771890,0.07,1.88,4.58,74.11,8.91,96.39
2020-01-28-T18:00:00,DZ,44,ain\u005FDefla,36.2688,2.2163,771890,0.01,2.22,5.44,75.03,9.61,96.36
2020-01-29-T18:00:00,DZ,44,ain\u005FDefla,36.2688,2.2163,771890,0.00,1.73,7.15,74.73,11.43,96.37
2020-01-30-T18:00:00,DZ,44,ain\u005FDefla,36.2688,2.2163,771890,0.00,1.93,4.78,64.48,11.17,96.35
2020-01-31-T18:00:00,DZ,44,ain\u005FDefla,36.2688,2.2163,771890,0.00,2.20,6.19,71.13,11.17,96.27
2020-02-01-T18:00:00,DZ,44,ain\u005FDefla,36.2688,2.2163,771890,0.00,2.08,8.08,77.45,11.86,96.39
2020-02-02-T18:00:00,DZ,44,ain\u005FDefla,36.2688,2.2163,771890,0.00,1.37,9.21,74.74,13.56,96.78
2020-02-03-T18:00:00,DZ,44,ain\u005FDefla,36.2688,2.2163,771890,0.00,1.22,6.82,61.85,13.96,96.81
2020-02-04-T18:00:00,DZ,44,ain\u005FDefla,36.2688,2.2163,771890,0.00,1.73,6.20,59.77,13.83,96.55
2020-02-05-T18:00:00,DZ,44,ain\u005FDefla,36.2688,2.2163,771890,0.01,2.43,4.78,72.23,9.49,96.60
2020-02-06-T18:00:00,DZ,44,ain\u005FDefla,36.2688,2.2163,771890,0.00,2.21,0.51,57.15,8.47,96.44
2020-02-07-T18:00:00,DZ,44,ain\u005FDefla,36.2688,2.2163,771890,0.00,1.90,3.60,59.05,11.26,96.25
2020-02-08-T18:00:00,DZ,44,ain\u005FDefla,36.2688,2.2163,771890,0.01,1.64,6.94,75.52,11.06,96.45
2020-02-09-T18:00:00,DZ,44,ain\u005FDefla,36.2688,2.2163,771890,0.04,1.14,6.90,73.89,11.34,96.86
2020-02-10-T18:00:00,DZ,44,ain\u005FDefla,36.2688,2.2163,771890,0.00,1.68,4.07,56.11,12.55,97.01
2020-02-11-T18:00:00,DZ,44,ain\u005FDefla,36.2688,2.2163,771890,0.00,2.00,1.12,42.37,13.77,96.55
2020-02-12-T18:00:00,DZ,44,ain\u005FDefla,36.2688,2.2163,771890,0.00,1.67,4.58,53.70,13.78,96.24
2020-02-13-T18:00:00,DZ,44,ain\u005FDefla,36.2688,2.2163,771890,0.00,1.80,7.33,71.90,12.19,96.25
2020-02-14-T18:00:00,DZ,44,ain\u005FDefla,36.2688,2.2163,771890,0.00,1.24,7.87,73.97,12.33,96.40
2020-02-15-T18:00:00,DZ,44,ain\u005FDefla,36.2688,2.2163,771890,0.00,1.40,6.53,64.08,13.10,96.47
2020-02-16-T18:00:00,DZ,44,ain\u005FDefla,36.2688,2.2163,771890,0.00,1.33,6.27,60.41,13.74,96.61
2020-02-17-T18:00:00,DZ,44,ain\u005FDefla,36.2688,2.2163,771890,0.00,1.45,6.09,59.55,13.77,96.53
2020-02-18-T18:00:00,DZ,44,ain\u005FDefla,36.2688,2.2163,771890,0.01,1.64,8.01,74.38,12.39,96.65
2020-02-19-T18:00:00,DZ,44,ain\u005FDefla,36.2688,2.2163,771890,0.00,2.45,7.21,76.08,11.23,96.70
2020-02-20-T18:00:00,DZ,44,ain\u005FDefla,36.2688,2.2163,771890,0.00,1.36,5.21,65.28,11.43,96.33
2020-02-21-T18:00:00,DZ,44,ain\u005FDefla,36.2688,2.2163,771890,0.00,1.40,5.87,65.78,12.01,96.57
2020-02-22-T18:00:00,DZ,44,ain\u005FDefla,36.2688,2.2163,771890,0.00,1.25,4.53,60.82,11.79,96.93
2020-02-23-T18:00:00,DZ,44,ain\u005FDefla,36.2688,2.2163,771890,0.00,1.40,1.45,47.70,12.26,97.04
2020-02-24-T18:00:00,DZ,44,ain\u005FDefla,36.2688,2.2163,771890,0.00,1.28,0.44,38.76,14.42,96.56
2020-02-25-T18:00:00,DZ,44,ain\u005FDefla,36.2688,2.2163,771890,0.00,2.67,4.02,53.04,13.38,95.91
2020-02-26-T18:00:00,DZ,44,ain\u005FDefla,36.2688,2.2163,771890,0.00,2.19,7.96,75.07,12.21,95.86
2020-02-27-T18:00:00,DZ,44,ain\u005FDefla,36.2688,2.2163,771890,0.00,2.00,6.44,63.61,13.12,96.10
2020-02-28-T18:00:00,DZ,44,ain\u005FDefla,36.2688,2.2163,771890,0.00,1.23,2.79,46.72,14.05,96.09
2020-02-29-T18:00:00,DZ,44,ain\u005FDefla,36.2688,2.2163,771890,0.00,2.47,2.65,43.45,15.06,95.67
2020-03-01-T18:00:00,DZ,44,ain\u005FDefla,36.2688,2.2163,771890,0.00,3.14,8.22,69.20,13.69,95.67
2020-03-02-T18:00:00,DZ,44,ain\u005FDefla,36.2688,2.2163,771890,5.28,5.01,9.19,74.44,13.60,95.31
2020-03-03-T18:00:00,DZ,44,ain\u005FDefla,36.2688,2.2163,771890,0.04,3.99,5.24,60.92,12.51,95.71
2020-03-04-T18:00:00,DZ,44,ain\u005FDefla,36.2688,2.2163,771890,0.65,2.74,9.98,73.94,14.51,95.94
2020-03-05-T18:00:00,DZ,44,ain\u005FDefla,36.2688,2.2163,771890,0.22,3.45,7.45,61.09,14.81,95.45
2020-03-06-T18:00:00,DZ,44,ain\u005FDefla,36.2688,2.2163,771890,0.59,4.13,6.64,68.93,12.11,95.55
2020-03-07-T18:00:00,DZ,44,ain\u005FDefla,36.2688,2.2163,771890,0.27,3.22,3.23,66.05,9.18,96.09
2020-03-08-T18:00:00,DZ,44,ain\u005FDefla,36.2688,2.2163,771890,0.00,1.43,2.15,55.55,10.66,96.36
2020-03-09-T18:00:00,DZ,44,ain\u005FDefla,36.2688,2.2163,771890,0.00,2.55,4.08,59.20,11.74,96.14
2020-03-10-T18:00:00,DZ,44,ain\u005FDefla,36.2688,2.2163,771890,0.13,2.01,4.25,62.05,11.19,96.35
2020-03-11-T18:00:00,DZ,44,ain\u005FDefla,36.2688,2.2163,771890,0.00,1.46,4.05,48.20,14.93,96.34
2020-03-12-T18:00:00,DZ,44,ain\u005FDefla,36.2688,2.2163,771890,0.00,1.38,6.39,46.58,18.02,95.95
2020-03-13-T18:00:00,DZ,44,ain\u005FDefla,36.2688,2.2163,771890,1.15,1.50,8.78,57.39,17.21,95.66
2020-03-14-T18:00:00,DZ,44,ain\u005FDefla,36.2688,2.2163,771890,0.42,1.33,10.85,78.08,14.59,95.81
2020-03-15-T18:00:00,DZ,44,ain\u005FDefla,36.2688,2.2163,771890,0.13,1.04,9.46,66.25,15.66,95.50
2020-03-16-T18:00:00,DZ,44,ain\u005FDefla,36.2688,2.2163,771890,0.85,1.09,8.83,66.30,14.98,95.32
2020-03-17-T18:00:00,DZ,44,ain\u005FDefla,36.2688,2.2163,771890,0.78,2.05,9.77,76.96,13.70,95.88
2020-03-18-T18:00:00,DZ,44,ain\u005FDefla,36.2688,2.2163,771890,0.10,1.84,9.58,74.00,14.09,96.02
2020-03-19-T18:00:00,DZ,44,ain\u005FDefla,36.2688,2.2163,771890,0.02,2.03,8.85,66.10,15.05,95.66
2020-03-20-T18:00:00,DZ,44,ain\u005FDefla,36.2688,2.2163,771890,1.58,2.02,8.72,68.81,14.31,95.28
2020-03-21-T18:00:00,DZ,44,ain\u005FDefla,36.2688,2.2163,771890,1.28,1.69,8.87,80.85,12.04,95.17
2020-03-22-T18:00:00,DZ,44,ain\u005FDefla,36.2688,2.2163,771890,0.10,1.33,5.10,62.59,11.96,95.25
2020-03-23-T18:00:00,DZ,44,ain\u005FDefla,36.2688,2.2163,771890,0.62,2.54,7.51,69.86,12.81,95.26
2020-03-24-T18:00:00,DZ,44,ain\u005FDefla,36.2688,2.2163,771890,23.30,3.73,9.51,85.06,11.95,94.85
2020-03-25-T18:00:00,DZ,44,ain\u005FDefla,36.2688,2.2163,771890,3.27,3.47,4.37,74.76,8.56,95.17
2020-03-26-T18:00:00,DZ,44,ain\u005FDefla,36.2688,2.2163,771890,2.64,2.89,5.32,78.42,8.85,94.95
2020-03-27-T18:00:00,DZ,44,ain\u005FDefla,36.2688,2.2163,771890,0.11,1.20,4.71,67.01,10.52,95.04
2020-03-28-T18:00:00,DZ,44,ain\u005FDefla,36.2688,2.2163,771890,0.33,1.72,5.51,74.53,9.78,95.42
2020-03-29-T18:00:00,DZ,44,ain\u005FDefla,36.2688,2.2163,771890,0.23,1.65,5.65,75.07,9.82,95.64
2020-03-30-T18:00:00,DZ,44,ain\u005FDefla,36.2688,2.2163,771890,0.11,1.44,5.27,60.02,12.78,95.24
2020-03-31-T18:00:00,DZ,44,ain\u005FDefla,36.2688,2.2163,771890,1.76,2.35,8.17,60.97,15.60,94.95
2020-04-01-T18:00:00,DZ,44,ain\u005FDefla,36.2688,2.2163,771890,1.90,0.94,9.61,72.74,14.38,95.18
2020-04-02-T18:00:00,DZ,44,ain\u005FDefla,36.2688,2.2163,771890,0.94,2.50,7.15,70.31,12.34,95.10
2020-04-03-T18:00:00,DZ,44,ain\u005FDefla,36.2688,2.2163,771890,5.55,2.73,8.29,87.92,10.22,95.37
2020-04-04-T18:00:00,DZ,44,ain\u005FDefla,36.2688,2.2163,771890,0.06,1.97,5.73,61.16,12.97,95.76
2020-04-05-T18:00:00,DZ,44,ain\u005FDefla,36.2688,2.2163,771890,0.04,1.36,7.66,61.76,14.86,95.78
2020-04-06-T18:00:00,DZ,44,ain\u005FDefla,36.2688,2.2163,771890,0.01,1.33,8.23,61.79,15.45,96.10
2020-04-07-T18:00:00,DZ,44,ain\u005FDefla,36.2688,2.2163,771890,0.06,1.41,8.15,57.13,16.61,96.24
2020-04-08-T18:00:00,DZ,44,ain\u005FDefla,36.2688,2.2163,771890,0.00,1.86,7.26,54.89,16.31,96.10
2020-04-09-T18:00:00,DZ,44,ain\u005FDefla,36.2688,2.2163,771890,1.24,1.39,9.86,65.18,16.32,95.81
2020-04-10-T18:00:00,DZ,44,ain\u005FDefla,36.2688,2.2163,771890,5.97,1.54,11.44,84.20,14.06,95.91
2020-04-11-T18:00:00,DZ,44,ain\u005FDefla,36.2688,2.2163,771890,0.05,1.59,8.87,67.65,14.71,95.93
2020-04-12-T18:00:00,DZ,44,ain\u005FDefla,36.2688,2.2163,771890,7.32,1.72,11.91,83.04,14.75,95.52
2020-04-13-T18:00:00,DZ,44,ain\u005FDefla,36.2688,2.2163,771890,0.10,2.86,9.76,61.50,17.14,94.82
2020-04-14-T18:00:00,DZ,44,ain\u005FDefla,36.2688,2.2163,771890,0.12,1.65,11.32,72.86,16.12,95.18
2020-04-15-T18:00:00,DZ,44,ain\u005FDefla,36.2688,2.2163,771890,0.03,2.00,10.58,63.80,17.42,95.35
2020-04-16-T18:00:00,DZ,44,ain\u005FDefla,36.2688,2.2163,771890,0.02,1.04,11.38,58.47,19.67,95.67
2020-04-17-T18:00:00,DZ,44,ain\u005FDefla,36.2688,2.2163,771890,7.36,0.99,13.54,64.79,20.29,95.51
2020-04-18-T18:00:00,DZ,44,ain\u005FDefla,36.2688,2.2163,771890,0.28,1.81,12.74,58.86,21.00,95.34
2020-04-19-T18:00:00,DZ,44,ain\u005FDefla,36.2688,2.2163,771890,3.30,2.19,13.61,78.53,17.34,94.80
2020-04-20-T18:00:00,DZ,44,ain\u005FDefla,36.2688,2.2163,771890,1.31,5.28,9.52,68.54,15.20,94.76
2020-04-21-T18:00:00,DZ,44,ain\u005FDefla,36.2688,2.2163,771890,1.17,4.44,7.60,65.61,13.86,94.94
2020-04-22-T18:00:00,DZ,44,ain\u005FDefla,36.2688,2.2163,771890,8.30,3.83,10.40,81.70,13.45,95.23
2020-04-23-T18:00:00,DZ,44,ain\u005FDefla,36.2688,2.2163,771890,1.37,1.84,10.55,74.60,14.97,95.74
2020-04-24-T18:00:00,DZ,44,ain\u005FDefla,36.2688,2.2163,771890,0.61,1.52,9.48,58.99,17.51,95.34
2020-04-25-T18:00:00,DZ,44,ain\u005FDefla,36.2688,2.2163,771890,12.67,2.13,11.79,72.65,16.66,94.89
2020-04-26-T18:00:00,DZ,44,ain\u005FDefla,36.2688,2.2163,771890,3.18,2.68,11.73,78.54,15.40,95.25
2020-04-27-T18:00:00,DZ,44,ain\u005FDefla,36.2688,2.2163,771890,3.05,2.28,10.49,68.07,16.31,95.46
2020-04-28-T18:00:00,DZ,44,ain\u005FDefla,36.2688,2.2163,771890,1.66,1.90,10.26,68.41,15.99,95.65
2020-04-29-T18:00:00,DZ,44,ain\u005FDefla,36.2688,2.2163,771890,0.00,2.14,8.68,61.22,16.07,95.85
2020-04-30-T18:00:00,DZ,44,ain\u005FDefla,36.2688,2.2163,771890,0.00,2.59,8.12,58.23,16.27,95.93
2020-04-01-T18:00:00,DZ,44,ain\u005FDefla,36.2688,2.2163,771890,0.00,2.31,9.97,59.87,17.79,96.03
2020-04-02-T18:00:00,DZ,44,ain\u005FDefla,36.2688,2.2163,771890,0.00,1.84,10.52,53.08,20.34,96.07
2020-04-03-T18:00:00,DZ,44,ain\u005FDefla,36.2688,2.2163,771890,0.00,1.44,8.44,41.09,22.36,95.87
2020-04-04-T18:00:00,DZ,44,ain\u005FDefla,36.2688,2.2163,771890,0.00,1.45,9.15,36.05,25.36,95.50
2020-04-05-T18:00:00,DZ,44,ain\u005FDefla,36.2688,2.2163,771890,0.00,1.88,10.51,40.87,24.74,95.50
2020-04-06-T18:00:00,DZ,44,ain\u005FDefla,36.2688,2.2163,771890,0.00,1.64,11.45,48.38,22.90,95.59
2020-04-07-T18:00:00,DZ,44,ain\u005FDefla,36.2688,2.2163,771890,0.00,2.59,11.85,52.03,22.11,95.36
2020-04-08-T18:00:00,DZ,44,ain\u005FDefla,36.2688,2.2163,771890,0.16,1.56,13.04,50.17,24.01,95.36
2020-04-09-T18:00:00,DZ,44,ain\u005FDefla,36.2688,2.2163,771890,0.73,1.20,15.27,67.59,21.41,95.24
2020-04-10-T18:00:00,DZ,44,ain\u005FDefla,36.2688,2.2163,771890,0.15,3.74,10.44,62.06,17.71,95.08
2020-04-11-T18:00:00,DZ,44,ain\u005FDefla,36.2688,2.2163,771890,0.00,2.99,8.64,52.81,18.41,95.29
2020-04-12-T18:00:00,DZ,44,ain\u005FDefla,36.2688,2.2163,771890,0.00,3.77,8.31,45.86,20.37,94.81
2020-04-13-T18:00:00,DZ,44,ain\u005FDefla,36.2688,2.2163,771890,0.00,2.67,9.36,56.17,18.17,94.83
2020-04-14-T18:00:00,DZ,44,ain\u005FDefla,36.2688,2.2163,771890,0.36,3.19,7.88,58.48,15.95,94.91
2020-04-15-T18:00:00,DZ,44,ain\u005FDefla,36.2688,2.2163,771890,0.04,1.96,6.88,49.62,17.53,95.04
2020-04-16-T18:00:00,DZ,44,ain\u005FDefla,36.2688,2.2163,771890,2.01,2.10,11.88,74.08,16.45,95.36
2020-04-17-T18:00:00,DZ,44,ain\u005FDefla,36.2688,2.2163,771890,4.97,1.89,12.19,79.33,15.72,95.90
2020-04-18-T18:00:00,DZ,44,ain\u005FDefla,36.2688,2.2163,771890,0.71,1.41,9.95,62.69,17.04,96.07
2020-04-19-T18:00:00,DZ,44,ain\u005FDefla,36.2688,2.2163,771890,0.00,1.54,8.21,49.89,18.87,95.92
2020-04-20-T18:00:00,DZ,44,ain\u005FDefla,36.2688,2.2163,771890,0.00,1.53,7.93,41.12,21.78,95.70
2020-04-21-T18:00:00,DZ,44,ain\u005FDefla,36.2688,2.2163,771890,0.00,1.61,7.94,38.95,22.70,95.99
2020-04-22-T18:00:00,DZ,44,ain\u005FDefla,36.2688,2.2163,771890,0.00,1.81,7.60,38.44,22.54,96.31
2020-04-23-T18:00:00,DZ,44,ain\u005FDefla,36.2688,2.2163,771890,0.00,1.62,8.87,41.20,22.78,96.36
2020-04-24-T18:00:00,DZ,44,ain\u005FDefla,36.2688,2.2163,771890,0.00,1.98,10.85,47.01,22.73,96.32
2020-04-25-T18:00:00,DZ,44,ain\u005FDefla,36.2688,2.2163,771890,0.00,2.10,11.39,52.06,21.60,96.29
2020-04-26-T18:00:00,DZ,44,ain\u005FDefla,36.2688,2.2163,771890,0.00,2.29,10.94,48.20,22.41,96.18
2020-04-27-T18:00:00,DZ,44,ain\u005FDefla,36.2688,2.2163,771890,0.04,1.82,12.73,55.22,22.05,96.12
2020-04-28-T18:00:00,DZ,44,ain\u005FDefla,36.2688,2.2163,771890,1.42,1.70,13.21,51.97,23.59,95.94
2020-04-29-T18:00:00,DZ,44,ain\u005FDefla,36.2688,2.2163,771890,1.46,1.44,13.46,59.10,21.70,95.54
2020-04-30-T18:00:00,DZ,44,ain\u005FDefla,36.2688,2.2163,771890,0.02,2.21,10.72,52.83,20.63,95.40
2020-06-01-T18:00:00,DZ,44,ain\u005FDefla,36.2688,2.2163,771890,0.17,2.34,10.53,48.20,21.97,95.19
2020-06-02-T18:00:00,DZ,44,ain\u005FDefla,36.2688,2.2163,771890,0.11,1.68,13.83,57.43,22.56,95.41
2020-06-03-T18:00:00,DZ,44,ain\u005FDefla,36.2688,2.2163,771890,0.00,1.30,11.51,46.56,23.61,95.46
2020-06-04-T18:00:00,DZ,44,ain\u005FDefla,36.2688,2.2163,771890,0.02,1.54,11.22,45.34,23.75,95.12
2020-06-05-T18:00:00,DZ,44,ain\u005FDefla,36.2688,2.2163,771890,0.69,4.72,10.83,48.17,22.30,94.88
2020-06-06-T18:00:00,DZ,44,ain\u005FDefla,36.2688,2.2163,771890,0.05,2.84,13.37,60.89,21.11,95.36
2020-06-07-T18:00:00,DZ,44,ain\u005FDefla,36.2688,2.2163,771890,0.03,1.72,11.67,48.39,23.13,95.27
2020-06-08-T18:00:00,DZ,44,ain\u005FDefla,36.2688,2.2163,771890,0.46,4.18,12.95,56.71,21.84,95.19
2020-06-09-T18:00:00,DZ,44,ain\u005FDefla,36.2688,2.2163,771890,0.09,3.42,12.50,61.07,20.14,95.36
2020-06-10-T18:00:00,DZ,44,ain\u005FDefla,36.2688,2.2163,771890,0.01,1.65,10.05,54.57,19.38,95.64
2020-06-11-T18:00:00,DZ,44,ain\u005FDefla,36.2688,2.2163,771890,0.00,1.43,9.46,48.97,20.53,95.60
2020-06-12-T18:00:00,DZ,44,ain\u005FDefla,36.2688,2.2163,771890,0.00,3.07,9.34,44.36,22.06,95.17
2020-06-13-T18:00:00,DZ,44,ain\u005FDefla,36.2688,2.2163,771890,0.00,3.77,10.02,49.53,20.95,95.10
2020-06-14-T18:00:00,DZ,44,ain\u005FDefla,36.2688,2.2163,771890,0.00,2.94,10.35,53.85,19.92,95.62
2020-06-15-T18:00:00,DZ,44,ain\u005FDefla,36.2688,2.2163,771890,0.00,1.76,7.09,42.31,20.38,95.95
2020-06-16-T18:00:00,DZ,44,ain\u005FDefla,36.2688,2.2163,771890,0.00,2.12,8.43,43.12,21.54,96.12
2020-06-17-T18:00:00,DZ,44,ain\u005FDefla,36.2688,2.2163,771890,0.00,2.58,7.97,40.89,21.92,95.83
2020-06-18-T18:00:00,DZ,44,ain\u005FDefla,36.2688,2.2163,771890,0.00,2.02,11.14,49.81,22.08,95.60
2020-06-19-T18:00:00,DZ,44,ain\u005FDefla,36.2688,2.2163,771890,0.00,2.03,12.61,50.98,23.27,95.32
2020-06-20-T18:00:00,DZ,44,ain\u005FDefla,36.2688,2.2163,771890,0.00,2.73,14.42,65.16,21.11,95.79
2020-06-21-T18:00:00,DZ,44,ain\u005FDefla,36.2688,2.2163,771890,0.00,1.49,10.19,42.17,23.85,96.12
2020-06-22-T18:00:00,DZ,44,ain\u005FDefla,36.2688,2.2163,771890,0.00,1.44,10.61,39.65,25.37,96.15
2020-06-23-T18:00:00,DZ,44,ain\u005FDefla,36.2688,2.2163,771890,0.00,2.28,9.81,38.03,25.19,96.03
2020-06-24-T18:00:00,DZ,44,ain\u005FDefla,36.2688,2.2163,771890,0.00,2.14,10.70,39.92,25.35,95.71
2020-06-25-T18:00:00,DZ,44,ain\u005FDefla,36.2688,2.2163,771890,0.00,1.66,11.61,41.75,25.60,95.59
2020-06-26-T18:00:00,DZ,44,ain\u005FDefla,36.2688,2.2163,771890,0.01,1.72,12.56,39.35,27.68,95.41
2020-06-27-T18:00:00,DZ,44,ain\u005FDefla,36.2688,2.2163,771890,0.08,2.05,15.09,49.94,26.31,95.52
2020-06-28-T18:00:00,DZ,44,ain\u005FDefla,36.2688,2.2163,771890,0.01,1.94,12.96,44.85,25.84,95.67
2020-06-29-T18:00:00,DZ,44,ain\u005FDefla,36.2688,2.2163,771890,0.00,1.46,11.63,40.61,26.10,95.72
2020-06-30-T18:00:00,DZ,44,ain\u005FDefla,36.2688,2.2163,771890,0.00,1.48,10.74,34.22,28.05,95.62
2020-07-01-T18:00:00,DZ,44,ain\u005FDefla,36.2688,2.2163,771890,0.00,1.38,11.02,30.05,30.61,95.33
2020-07-02-T18:00:00,DZ,44,ain\u005FDefla,36.2688,2.2163,771890,0.00,2.39,12.66,35.90,29.39,95.46
2020-07-03-T18:00:00,DZ,44,ain\u005FDefla,36.2688,2.2163,771890,0.04,2.36,9.62,29.72,29.19,95.58
2020-07-04-T18:00:00,DZ,44,ain\u005FDefla,36.2688,2.2163,771890,0.17,2.23,13.34,43.45,26.82,95.77
2020-07-05-T18:00:00,DZ,44,ain\u005FDefla,36.2688,2.2163,771890,0.00,2.24,13.90,49.28,25.24,96.06
2020-07-06-T18:00:00,DZ,44,ain\u005FDefla,36.2688,2.2163,771890,0.00,2.11,8.41,34.85,25.09,95.93
2020-07-07-T18:00:00,DZ,44,ain\u005FDefla,36.2688,2.2163,771890,0.00,2.03,10.84,41.19,24.97,95.68
2020-07-08-T18:00:00,DZ,44,ain\u005FDefla,36.2688,2.2163,771890,0.00,1.67,11.12,37.09,27.09,95.66
2020-07-09-T18:00:00,DZ,44,ain\u005FDefla,36.2688,2.2163,771890,0.00,1.98,11.25,32.75,29.39,95.63
2020-07-10-T18:00:00,DZ,44,ain\u005FDefla,36.2688,2.2163,771890,0.11,1.53,10.19,29.03,30.24,95.48
2020-07-11-T18:00:00,DZ,44,ain\u005FDefla,36.2688,2.2163,771890,0.12,1.32,14.65,43.37,28.29,95.44
2020-07-12-T18:00:00,DZ,44,ain\u005FDefla,36.2688,2.2163,771890,0.06,1.88,16.23,49.15,27.82,95.54
2020-07-13-T18:00:00,DZ,44,ain\u005FDefla,36.2688,2.2163,771890,0.03,2.02,15.12,46.75,27.48,95.71
2020-07-14-T18:00:00,DZ,44,ain\u005FDefla,36.2688,2.2163,771890,0.00,2.26,14.55,44.34,27.79,95.59
2020-07-15-T18:00:00,DZ,44,ain\u005FDefla,36.2688,2.2163,771890,0.18,2.38,15.29,52.67,25.59,95.50
2020-07-16-T18:00:00,DZ,44,ain\u005FDefla,36.2688,2.2163,771890,0.01,2.57,14.76,52.31,25.14,95.59
2020-07-17-T18:00:00,DZ,44,ain\u005FDefla,36.2688,2.2163,771890,0.00,2.65,13.30,45.79,25.86,95.69
2020-07-18-T18:00:00,DZ,44,ain\u005FDefla,36.2688,2.2163,771890,0.00,2.43,13.66,49.00,25.08,95.57
2020-07-19-T18:00:00,DZ,44,ain\u005FDefla,36.2688,2.2163,771890,0.00,2.07,13.52,46.22,25.93,95.55
2020-07-20-T18:00:00,DZ,44,ain\u005FDefla,36.2688,2.2163,771890,0.00,1.77,10.77,38.29,26.16,95.64
2020-07-21-T18:00:00,DZ,44,ain\u005FDefla,36.2688,2.2163,771890,0.00,1.85,9.56,32.07,27.82,95.63
2020-07-22-T18:00:00,DZ,44,ain\u005FDefla,36.2688,2.2163,771890,0.00,1.75,12.16,33.87,29.84,95.65
2020-07-23-T18:00:00,DZ,44,ain\u005FDefla,36.2688,2.2163,771890,0.02,1.79,14.53,37.71,30.62,95.62
2020-07-24-T18:00:00,DZ,44,ain\u005FDefla,36.2688,2.2163,771890,0.18,2.61,17.42,56.15,26.78,95.59
2020-07-25-T18:00:00,DZ,44,ain\u005FDefla,36.2688,2.2163,771890,0.06,1.72,12.62,42.95,26.23,95.54
2020-07-26-T18:00:00,DZ,44,ain\u005FDefla,36.2688,2.2163,771890,0.00,1.58,10.80,31.32,29.65,95.48
2020-07-27-T18:00:00,DZ,44,ain\u005FDefla,36.2688,2.2163,771890,0.00,1.70,10.52,28.75,30.80,95.48
2020-07-28-T18:00:00,DZ,44,ain\u005FDefla,36.2688,2.2163,771890,0.00,1.79,11.09,29.17,31.21,95.58
2020-07-29-T18:00:00,DZ,44,ain\u005FDefla,36.2688,2.2163,771890,0.02,1.43,11.54,30.19,31.14,95.44
2020-07-30-T18:00:00,DZ,44,ain\u005FDefla,36.2688,2.2163,771890,0.05,1.35,12.89,33.09,31.08,95.44
2020-07-31-T18:00:00,DZ,44,ain\u005FDefla,36.2688,2.2163,771890,0.01,1.79,12.99,31.80,31.89,95.54
2020-08-01-T18:00:00,DZ,44,ain\u005FDefla,36.2688,2.2163,771890,0.00,1.70,14.53,34.93,31.99,95.64
2020-08-02-T18:00:00,DZ,44,ain\u005FDefla,36.2688,2.2163,771890,0.02,1.64,14.05,34.80,31.51,95.71
2020-08-03-T18:00:00,DZ,44,ain\u005FDefla,36.2688,2.2163,771890,0.00,1.88,13.82,33.82,31.76,95.52
2020-08-04-T18:00:00,DZ,44,ain\u005FDefla,36.2688,2.2163,771890,0.68,2.63,17.12,50.06,28.45,95.30
2020-08-05-T18:00:00,DZ,44,ain\u005FDefla,36.2688,2.2163,771890,0.41,2.79,16.99,57.38,25.94,95.42
2020-08-06-T18:00:00,DZ,44,ain\u005FDefla,36.2688,2.2163,771890,0.00,2.16,13.10,44.71,26.05,95.39
2020-08-07-T18:00:00,DZ,44,ain\u005FDefla,36.2688,2.2163,771890,0.00,2.56,11.48,40.17,26.11,95.57
2020-08-08-T18:00:00,DZ,44,ain\u005FDefla,36.2688,2.2163,771890,0.00,2.39,11.13,38.26,26.57,95.80
2020-08-09-T18:00:00,DZ,44,ain\u005FDefla,36.2688,2.2163,771890,0.00,2.17,8.69,29.81,28.07,95.90
2020-08-10-T18:00:00,DZ,44,ain\u005FDefla,36.2688,2.2163,771890,0.00,1.80,10.09,31.02,28.99,95.66
2020-08-11-T18:00:00,DZ,44,ain\u005FDefla,36.2688,2.2163,771890,0.00,2.16,9.79,29.16,29.71,95.37
2020-08-12-T18:00:00,DZ,44,ain\u005FDefla,36.2688,2.2163,771890,0.00,1.60,10.58,29.40,30.49,95.27
2020-08-13-T18:00:00,DZ,44,ain\u005FDefla,36.2688,2.2163,771890,0.05,1.72,14.68,38.88,30.25,95.45
2020-08-14-T18:00:00,DZ,44,ain\u005FDefla,36.2688,2.2163,771890,0.06,1.66,17.13,48.21,29.14,95.60
2020-08-15-T18:00:00,DZ,44,ain\u005FDefla,36.2688,2.2163,771890,0.03,1.18,16.90,48.42,28.81,95.56
2020-08-16-T18:00:00,DZ,44,ain\u005FDefla,36.2688,2.2163,771890,0.04,1.85,17.05,48.56,28.91,95.49
2020-08-17-T18:00:00,DZ,44,ain\u005FDefla,36.2688,2.2163,771890,0.00,2.27,12.90,41.58,27.09,95.48
2020-08-18-T18:00:00,DZ,44,ain\u005FDefla,36.2688,2.2163,771890,0.00,1.86,10.52,35.82,27.01,95.54
2020-08-19-T18:00:00,DZ,44,ain\u005FDefla,36.2688,2.2163,771890,0.00,1.57,13.25,39.98,28.17,95.44
2020-08-20-T18:00:00,DZ,44,ain\u005FDefla,36.2688,2.2163,771890,0.00,1.46,13.45,37.22,29.65,95.12
2020-08-21-T18:00:00,DZ,44,ain\u005FDefla,36.2688,2.2163,771890,0.02,1.68,15.73,40.34,30.77,95.09
2020-08-22-T18:00:00,DZ,44,ain\u005FDefla,36.2688,2.2163,771890,0.15,1.62,17.63,46.19,30.44,95.56
2020-08-23-T18:00:00,DZ,44,ain\u005FDefla,36.2688,2.2163,771890,0.01,1.73,15.45,42.34,29.60,95.91
2020-08-24-T18:00:00,DZ,44,ain\u005FDefla,36.2688,2.2163,771890,0.03,1.93,16.36,47.88,28.41,95.80
2020-08-25-T18:00:00,DZ,44,ain\u005FDefla,36.2688,2.2163,771890,0.02,2.44,16.98,53.30,27.21,95.59
2020-08-26-T18:00:00,DZ,44,ain\u005FDefla,36.2688,2.2163,771890,0.00,1.52,14.10,41.86,28.30,95.63
2020-08-27-T18:00:00,DZ,44,ain\u005FDefla,36.2688,2.2163,771890,0.00,1.62,11.92,35.27,28.86,95.84
2020-08-28-T18:00:00,DZ,44,ain\u005FDefla,36.2688,2.2163,771890,0.00,1.42,11.55,36.60,27.80,95.69
2020-08-29-T18:00:00,DZ,44,ain\u005FDefla,36.2688,2.2163,771890,0.00,2.30,11.13,35.12,28.05,94.97
2020-08-30-T18:00:00,DZ,44,ain\u005FDefla,36.2688,2.2163,771890,0.01,3.75,12.98,43.27,26.49,94.64
2020-08-31-T18:00:00,DZ,44,ain\u005FDefla,36.2688,2.2163,771890,4.18,2.12,15.63,63.79,22.73,95.19
2020-09-01-T18:00:00,DZ,44,ain\u005FDefla,36.2688,2.2163,771890,1.54,2.87,14.14,59.61,22.27,95.67
2020-09-02-T18:00:00,DZ,44,ain\u005FDefla,36.2688,2.2163,771890,0.00,2.01,10.62,46.60,22.63,95.29
